"PRODUCT_ID","LS__PRODUCT_ID__PRODUCT_NAME","LS__PRODUCT_ID__PRODUCT_ID_IMAGE_WEB","PRODUCT_BRAND","PRODUCT_CATEGORY","PRODUCT_IMAGE","LS__PRODUCT_IMAGE__PRODUCT_IMAGE_WEB","RATING","WDF__CLIENT_ID","PRODUCT_RATING"
"1","Women's Mountain Croo Long Down Jacket","https://gdc-ms-se-poc-public.s3.amazonaws.com/AIDA5QKRHPNLYMZONKLG5_gdc-ms-se-poc_Demo28/images/panther_ecom/1.webp","Columbia","Clothing","https://gdc-ms-se-poc-public.s3.amazonaws.com/AIDA5QKRHPNLYMZONKLG5_gdc-ms-se-poc_Demo28/images/panther_ecom/1.webp","https://gdc-ms-se-poc-public.s3.amazonaws.com/AIDA5QKRHPNLYMZONKLG5_gdc-ms-se-poc_Demo28/images/panther_ecom/1.webp","4.00","merchant__clothing","4"
"2","23 inches Chess Table","https://gdc-ms-se-poc-public.s3.amazonaws.com/AIDA5QKRHPNLYMZONKLG5_gdc-ms-se-poc_Demo28/images/panther_ecom/2.webp","Wayfair","Furniture","https://gdc-ms-se-poc-public.s3.amazonaws.com/AIDA5QKRHPNLYMZONKLG5_gdc-ms-se-poc_Demo28/images/panther_ecom/2.webp","https://gdc-ms-se-poc-public.s3.amazonaws.com/AIDA5QKRHPNLYMZONKLG5_gdc-ms-se-poc_Demo28/images/panther_ecom/2.webp","4.10","merchant__bigboxretailer","4"
"3","DENAQ - AC Adapter for TOSHIBA SATELLITE - Black","https://gdc-ms-se-poc-public.s3.amazonaws.com/AIDA5QKRHPNLYMZONKLG5_gdc-ms-se-poc_Demo28/images/panther_ecom/3.jpeg","DENAQ","Computers & Accessories","https://gdc-ms-se-poc-public.s3.amazonaws.com/AIDA5QKRHPNLYMZONKLG5_gdc-ms-se-poc_Demo28/images/panther_ecom/3.jpeg","https://gdc-ms-se-poc-public.s3.amazonaws.com/AIDA5QKRHPNLYMZONKLG5_gdc-ms-se-poc_Demo28/images/panther_ecom/3.jpeg","4.20","merchant__bigboxretailer","4"
"3","DENAQ - AC Adapter for TOSHIBA SATELLITE - Black","https://gdc-ms-se-poc-public.s3.amazonaws.com/AIDA5QKRHPNLYMZONKLG5_gdc-ms-se-poc_Demo28/images/panther_ecom/3.jpeg","DENAQ","Computers & Accessories","https://gdc-ms-se-poc-public.s3.amazonaws.com/AIDA5QKRHPNLYMZONKLG5_gdc-ms-se-poc_Demo28/images/panther_ecom/3.jpeg","https://gdc-ms-se-poc-public.s3.amazonaws.com/AIDA5QKRHPNLYMZONKLG5_gdc-ms-se-poc_Demo28/images/panther_ecom/3.jpeg","4.20","merchant__electronics","4"
"4","Women's L.L.Bean Cozy Pullover","https://gdc-ms-se-poc-public.s3.amazonaws.com/AIDA5QKRHPNLYMZONKLG5_gdc-ms-se-poc_Demo28/images/panther_ecom/4.jpeg","L.L. Bean","Clothing","https://gdc-ms-se-poc-public.s3.amazonaws.com/AIDA5QKRHPNLYMZONKLG5_gdc-ms-se-poc_Demo28/images/panther_ecom/4.jpeg","https://gdc-ms-se-poc-public.s3.amazonaws.com/AIDA5QKRHPNLYMZONKLG5_gdc-ms-se-poc_Demo28/images/panther_ecom/4.jpeg","4.30","merchant__clothing","4"
"5","Sanford 22 x 67 Ladder Shelf""","https://gdc-ms-se-poc-public.s3.amazonaws.com/AIDA5QKRHPNLYMZONKLG5_gdc-ms-se-poc_Demo28/images/panther_ecom/5.jpeg","Pottery Barn","Furniture","https://gdc-ms-se-poc-public.s3.amazonaws.com/AIDA5QKRHPNLYMZONKLG5_gdc-ms-se-poc_Demo28/images/panther_ecom/5.jpeg","https://gdc-ms-se-poc-public.s3.amazonaws.com/AIDA5QKRHPNLYMZONKLG5_gdc-ms-se-poc_Demo28/images/panther_ecom/5.jpeg","4.40","merchant__bigboxretailer","4"
"6","Universal Remote Control - 48-Device Universal Remote - Black","https://gdc-ms-se-poc-public.s3.amazonaws.com/AIDA5QKRHPNLYMZONKLG5_gdc-ms-se-poc_Demo28/images/panther_ecom/6.jpeg","Universal Remote Control","Audio & Video Accessories","https://gdc-ms-se-poc-public.s3.amazonaws.com/AIDA5QKRHPNLYMZONKLG5_gdc-ms-se-poc_Demo28/images/panther_ecom/6.jpeg","https://gdc-ms-se-poc-public.s3.amazonaws.com/AIDA5QKRHPNLYMZONKLG5_gdc-ms-se-poc_Demo28/images/panther_ecom/6.jpeg","4.50","merchant__electronics","5"
"6","Universal Remote Control - 48-Device Universal Remote - Black","https://gdc-ms-se-poc-public.s3.amazonaws.com/AIDA5QKRHPNLYMZONKLG5_gdc-ms-se-poc_Demo28/images/panther_ecom/6.jpeg","Universal Remote Control","Audio & Video Accessories","https://gdc-ms-se-poc-public.s3.amazonaws.com/AIDA5QKRHPNLYMZONKLG5_gdc-ms-se-poc_Demo28/images/panther_ecom/6.jpeg","https://gdc-ms-se-poc-public.s3.amazonaws.com/AIDA5QKRHPNLYMZONKLG5_gdc-ms-se-poc_Demo28/images/panther_ecom/6.jpeg","4.50","merchant__clothing","5"
"7","Men's Terrebonne Joggers","https://gdc-ms-se-poc-public.s3.amazonaws.com/AIDA5QKRHPNLYMZONKLG5_gdc-ms-se-poc_Demo28/images/panther_ecom/7.webp","Patagonia","Clothing","https://gdc-ms-se-poc-public.s3.amazonaws.com/AIDA5QKRHPNLYMZONKLG5_gdc-ms-se-poc_Demo28/images/panther_ecom/7.webp","https://gdc-ms-se-poc-public.s3.amazonaws.com/AIDA5QKRHPNLYMZONKLG5_gdc-ms-se-poc_Demo28/images/panther_ecom/7.webp","4.60","merchant__clothing","5"
"8","FANBYN","https://gdc-ms-se-poc-public.s3.amazonaws.com/AIDA5QKRHPNLYMZONKLG5_gdc-ms-se-poc_Demo28/images/panther_ecom/8.png","IKEA","Furniture","https://gdc-ms-se-poc-public.s3.amazonaws.com/AIDA5QKRHPNLYMZONKLG5_gdc-ms-se-poc_Demo28/images/panther_ecom/8.png","https://gdc-ms-se-poc-public.s3.amazonaws.com/AIDA5QKRHPNLYMZONKLG5_gdc-ms-se-poc_Demo28/images/panther_ecom/8.png","4.70","merchant__bigboxretailer","5"
"9","Corsair Vengeance LPX 16GB (2x8GB) 3000MHz C15 Desktop Memory Kit - Black","https://gdc-ms-se-poc-public.s3.amazonaws.com/AIDA5QKRHPNLYMZONKLG5_gdc-ms-se-poc_Demo28/images/panther_ecom/9.jpeg","Corsair","Computers & Accessories","https://gdc-ms-se-poc-public.s3.amazonaws.com/AIDA5QKRHPNLYMZONKLG5_gdc-ms-se-poc_Demo28/images/panther_ecom/9.jpeg","https://gdc-ms-se-poc-public.s3.amazonaws.com/AIDA5QKRHPNLYMZONKLG5_gdc-ms-se-poc_Demo28/images/panther_ecom/9.jpeg","4.80","merchant__bigboxretailer","5"
"9","Corsair Vengeance LPX 16GB (2x8GB) 3000MHz C15 Desktop Memory Kit - Black","https://gdc-ms-se-poc-public.s3.amazonaws.com/AIDA5QKRHPNLYMZONKLG5_gdc-ms-se-poc_Demo28/images/panther_ecom/9.jpeg","Corsair","Computers & Accessories","https://gdc-ms-se-poc-public.s3.amazonaws.com/AIDA5QKRHPNLYMZONKLG5_gdc-ms-se-poc_Demo28/images/panther_ecom/9.jpeg","https://gdc-ms-se-poc-public.s3.amazonaws.com/AIDA5QKRHPNLYMZONKLG5_gdc-ms-se-poc_Demo28/images/panther_ecom/9.jpeg","4.80","merchant__electronics","5"
"10","Nike Sportswear Swoosh","https://gdc-ms-se-poc-public.s3.amazonaws.com/AIDA5QKRHPNLYMZONKLG5_gdc-ms-se-poc_Demo28/images/panther_ecom/10.webp","Nike","Clothing","https://gdc-ms-se-poc-public.s3.amazonaws.com/AIDA5QKRHPNLYMZONKLG5_gdc-ms-se-poc_Demo28/images/panther_ecom/10.webp","https://gdc-ms-se-poc-public.s3.amazonaws.com/AIDA5QKRHPNLYMZONKLG5_gdc-ms-se-poc_Demo28/images/panther_ecom/10.webp","1.40","merchant__clothing","1"
"11","Melange Sherpa Comforter Set","https://gdc-ms-se-poc-public.s3.amazonaws.com/AIDA5QKRHPNLYMZONKLG5_gdc-ms-se-poc_Demo28/images/panther_ecom/11.jpeg","T.J.Maxx","Furniture","https://gdc-ms-se-poc-public.s3.amazonaws.com/AIDA5QKRHPNLYMZONKLG5_gdc-ms-se-poc_Demo28/images/panther_ecom/11.jpeg","https://gdc-ms-se-poc-public.s3.amazonaws.com/AIDA5QKRHPNLYMZONKLG5_gdc-ms-se-poc_Demo28/images/panther_ecom/11.jpeg","4.10","merchant__bigboxretailer","4"
"12","Samsung Gear Iconx 2018 Edition Cordfree Fitness Earbuds Black","https://gdc-ms-se-poc-public.s3.amazonaws.com/AIDA5QKRHPNLYMZONKLG5_gdc-ms-se-poc_Demo28/images/panther_ecom/12.jpg","Samsung","Audio & Video Accessories","https://gdc-ms-se-poc-public.s3.amazonaws.com/AIDA5QKRHPNLYMZONKLG5_gdc-ms-se-poc_Demo28/images/panther_ecom/12.jpg","https://gdc-ms-se-poc-public.s3.amazonaws.com/AIDA5QKRHPNLYMZONKLG5_gdc-ms-se-poc_Demo28/images/panther_ecom/12.jpg","4.20","merchant__electronics","4"
"12","Samsung Gear Iconx 2018 Edition Cordfree Fitness Earbuds Black","https://gdc-ms-se-poc-public.s3.amazonaws.com/AIDA5QKRHPNLYMZONKLG5_gdc-ms-se-poc_Demo28/images/panther_ecom/12.jpg","Samsung","Audio & Video Accessories","https://gdc-ms-se-poc-public.s3.amazonaws.com/AIDA5QKRHPNLYMZONKLG5_gdc-ms-se-poc_Demo28/images/panther_ecom/12.jpg","https://gdc-ms-se-poc-public.s3.amazonaws.com/AIDA5QKRHPNLYMZONKLG5_gdc-ms-se-poc_Demo28/images/panther_ecom/12.jpg","4.20","merchant__clothing","4"
"13","DESIGNED FOR GAMEDAY FULL-ZIP JACKET","https://gdc-ms-se-poc-public.s3.amazonaws.com/AIDA5QKRHPNLYMZONKLG5_gdc-ms-se-poc_Demo28/images/panther_ecom/13.webp","Adidas","Clothing","https://gdc-ms-se-poc-public.s3.amazonaws.com/AIDA5QKRHPNLYMZONKLG5_gdc-ms-se-poc_Demo28/images/panther_ecom/13.webp","https://gdc-ms-se-poc-public.s3.amazonaws.com/AIDA5QKRHPNLYMZONKLG5_gdc-ms-se-poc_Demo28/images/panther_ecom/13.webp","4.30","merchant__clothing","4"
"14","Josephine 1 Drawer Nightstand","https://gdc-ms-se-poc-public.s3.amazonaws.com/AIDA5QKRHPNLYMZONKLG5_gdc-ms-se-poc_Demo28/images/panther_ecom/14.webp","AllModern","Furniture","https://gdc-ms-se-poc-public.s3.amazonaws.com/AIDA5QKRHPNLYMZONKLG5_gdc-ms-se-poc_Demo28/images/panther_ecom/14.webp","https://gdc-ms-se-poc-public.s3.amazonaws.com/AIDA5QKRHPNLYMZONKLG5_gdc-ms-se-poc_Demo28/images/panther_ecom/14.webp","4.40","merchant__bigboxretailer","4"
"15","Alpine 480w 6.5 2way Typee Coaxial Car Speakers W/ Silk Tweeters","https://gdc-ms-se-poc-public.s3.amazonaws.com/AIDA5QKRHPNLYMZONKLG5_gdc-ms-se-poc_Demo28/images/panther_ecom/15.jpeg","Alpine","Audio & Video Accessories","https://gdc-ms-se-poc-public.s3.amazonaws.com/AIDA5QKRHPNLYMZONKLG5_gdc-ms-se-poc_Demo28/images/panther_ecom/15.jpeg","https://gdc-ms-se-poc-public.s3.amazonaws.com/AIDA5QKRHPNLYMZONKLG5_gdc-ms-se-poc_Demo28/images/panther_ecom/15.jpeg","4.50","merchant__electronics","5"
"15","Alpine 480w 6.5 2way Typee Coaxial Car Speakers W/ Silk Tweeters","https://gdc-ms-se-poc-public.s3.amazonaws.com/AIDA5QKRHPNLYMZONKLG5_gdc-ms-se-poc_Demo28/images/panther_ecom/15.jpeg","Alpine","Audio & Video Accessories","https://gdc-ms-se-poc-public.s3.amazonaws.com/AIDA5QKRHPNLYMZONKLG5_gdc-ms-se-poc_Demo28/images/panther_ecom/15.jpeg","https://gdc-ms-se-poc-public.s3.amazonaws.com/AIDA5QKRHPNLYMZONKLG5_gdc-ms-se-poc_Demo28/images/panther_ecom/15.jpeg","4.50","merchant__clothing","5"
"16","Women's Ava Alpine Insulated Jacket","https://gdc-ms-se-poc-public.s3.amazonaws.com/AIDA5QKRHPNLYMZONKLG5_gdc-ms-se-poc_Demo28/images/panther_ecom/16.webp","Columbia","Clothing","https://gdc-ms-se-poc-public.s3.amazonaws.com/AIDA5QKRHPNLYMZONKLG5_gdc-ms-se-poc_Demo28/images/panther_ecom/16.webp","https://gdc-ms-se-poc-public.s3.amazonaws.com/AIDA5QKRHPNLYMZONKLG5_gdc-ms-se-poc_Demo28/images/panther_ecom/16.webp","4.60","merchant__clothing","5"
"17","Samsung Universal 3100mAh Portable External Battery Charger - White","https://gdc-ms-se-poc-public.s3.amazonaws.com/AIDA5QKRHPNLYMZONKLG5_gdc-ms-se-poc_Demo28/images/panther_ecom/17.jpeg","Samsung","Computers & Accessories","https://gdc-ms-se-poc-public.s3.amazonaws.com/AIDA5QKRHPNLYMZONKLG5_gdc-ms-se-poc_Demo28/images/panther_ecom/17.jpeg","https://gdc-ms-se-poc-public.s3.amazonaws.com/AIDA5QKRHPNLYMZONKLG5_gdc-ms-se-poc_Demo28/images/panther_ecom/17.jpeg","4.70","merchant__bigboxretailer","5"
"17","Samsung Universal 3100mAh Portable External Battery Charger - White","https://gdc-ms-se-poc-public.s3.amazonaws.com/AIDA5QKRHPNLYMZONKLG5_gdc-ms-se-poc_Demo28/images/panther_ecom/17.jpeg","Samsung","Computers & Accessories","https://gdc-ms-se-poc-public.s3.amazonaws.com/AIDA5QKRHPNLYMZONKLG5_gdc-ms-se-poc_Demo28/images/panther_ecom/17.jpeg","https://gdc-ms-se-poc-public.s3.amazonaws.com/AIDA5QKRHPNLYMZONKLG5_gdc-ms-se-poc_Demo28/images/panther_ecom/17.jpeg","4.70","merchant__electronics","5"
"18","Air-Fi Runaway AF32 Stereo Bluetooth Wireless Headphones (Black and Red)","https://gdc-ms-se-poc-public.s3.amazonaws.com/AIDA5QKRHPNLYMZONKLG5_gdc-ms-se-poc_Demo28/images/panther_ecom/18.jpeg","MEE audio","Audio & Video Accessories","https://gdc-ms-se-poc-public.s3.amazonaws.com/AIDA5QKRHPNLYMZONKLG5_gdc-ms-se-poc_Demo28/images/panther_ecom/18.jpeg","https://gdc-ms-se-poc-public.s3.amazonaws.com/AIDA5QKRHPNLYMZONKLG5_gdc-ms-se-poc_Demo28/images/panther_ecom/18.jpeg","4.80","merchant__electronics","5"
"18","Air-Fi Runaway AF32 Stereo Bluetooth Wireless Headphones (Black and Red)","https://gdc-ms-se-poc-public.s3.amazonaws.com/AIDA5QKRHPNLYMZONKLG5_gdc-ms-se-poc_Demo28/images/panther_ecom/18.jpeg","MEE audio","Audio & Video Accessories","https://gdc-ms-se-poc-public.s3.amazonaws.com/AIDA5QKRHPNLYMZONKLG5_gdc-ms-se-poc_Demo28/images/panther_ecom/18.jpeg","https://gdc-ms-se-poc-public.s3.amazonaws.com/AIDA5QKRHPNLYMZONKLG5_gdc-ms-se-poc_Demo28/images/panther_ecom/18.jpeg","4.80","merchant__clothing","5"
"19"," Men's Double L Jeans - Classic Fit","https://gdc-ms-se-poc-public.s3.amazonaws.com/AIDA5QKRHPNLYMZONKLG5_gdc-ms-se-poc_Demo28/images/panther_ecom/19.jpeg","L.L. Bean","Clothing","https://gdc-ms-se-poc-public.s3.amazonaws.com/AIDA5QKRHPNLYMZONKLG5_gdc-ms-se-poc_Demo28/images/panther_ecom/19.jpeg","https://gdc-ms-se-poc-public.s3.amazonaws.com/AIDA5QKRHPNLYMZONKLG5_gdc-ms-se-poc_Demo28/images/panther_ecom/19.jpeg","4.10","merchant__clothing","4"
"20","Menlo 49 x 67 Reclaimed Teak Storage Cabinet","https://gdc-ms-se-poc-public.s3.amazonaws.com/AIDA5QKRHPNLYMZONKLG5_gdc-ms-se-poc_Demo28/images/panther_ecom/20.jpeg","Pottery Barn","Furniture","https://gdc-ms-se-poc-public.s3.amazonaws.com/AIDA5QKRHPNLYMZONKLG5_gdc-ms-se-poc_Demo28/images/panther_ecom/20.jpeg","https://gdc-ms-se-poc-public.s3.amazonaws.com/AIDA5QKRHPNLYMZONKLG5_gdc-ms-se-poc_Demo28/images/panther_ecom/20.jpeg","3.30","merchant__bigboxretailer","3"
"21","Kenwood KFC-1653MRW 6.5 2-way Marine Speakers Pair (White)","https://gdc-ms-se-poc-public.s3.amazonaws.com/AIDA5QKRHPNLYMZONKLG5_gdc-ms-se-poc_Demo28/images/panther_ecom/21.jpeg","Kenwood","Audio & Video Accessories","https://gdc-ms-se-poc-public.s3.amazonaws.com/AIDA5QKRHPNLYMZONKLG5_gdc-ms-se-poc_Demo28/images/panther_ecom/21.jpeg","https://gdc-ms-se-poc-public.s3.amazonaws.com/AIDA5QKRHPNLYMZONKLG5_gdc-ms-se-poc_Demo28/images/panther_ecom/21.jpeg","3.40","merchant__electronics","3"
"21","Kenwood KFC-1653MRW 6.5 2-way Marine Speakers Pair (White)","https://gdc-ms-se-poc-public.s3.amazonaws.com/AIDA5QKRHPNLYMZONKLG5_gdc-ms-se-poc_Demo28/images/panther_ecom/21.jpeg","Kenwood","Audio & Video Accessories","https://gdc-ms-se-poc-public.s3.amazonaws.com/AIDA5QKRHPNLYMZONKLG5_gdc-ms-se-poc_Demo28/images/panther_ecom/21.jpeg","https://gdc-ms-se-poc-public.s3.amazonaws.com/AIDA5QKRHPNLYMZONKLG5_gdc-ms-se-poc_Demo28/images/panther_ecom/21.jpeg","3.40","merchant__clothing","3"
"22","Men's Lightweight All-Wear Hemp Volley Pants","https://gdc-ms-se-poc-public.s3.amazonaws.com/AIDA5QKRHPNLYMZONKLG5_gdc-ms-se-poc_Demo28/images/panther_ecom/22.webp","Patagonia","Clothing","https://gdc-ms-se-poc-public.s3.amazonaws.com/AIDA5QKRHPNLYMZONKLG5_gdc-ms-se-poc_Demo28/images/panther_ecom/22.webp","https://gdc-ms-se-poc-public.s3.amazonaws.com/AIDA5QKRHPNLYMZONKLG5_gdc-ms-se-poc_Demo28/images/panther_ecom/22.webp","3.50","merchant__clothing","4"
"23","ALSEDA","https://gdc-ms-se-poc-public.s3.amazonaws.com/AIDA5QKRHPNLYMZONKLG5_gdc-ms-se-poc_Demo28/images/panther_ecom/23.png","IKEA","Furniture","https://gdc-ms-se-poc-public.s3.amazonaws.com/AIDA5QKRHPNLYMZONKLG5_gdc-ms-se-poc_Demo28/images/panther_ecom/23.png","https://gdc-ms-se-poc-public.s3.amazonaws.com/AIDA5QKRHPNLYMZONKLG5_gdc-ms-se-poc_Demo28/images/panther_ecom/23.png","3.60","merchant__bigboxretailer","4"
"24","Ultimate Ears MEGABLAST Portable Wi-Fi/Bluetooth Speaker - Graphite Black","https://gdc-ms-se-poc-public.s3.amazonaws.com/AIDA5QKRHPNLYMZONKLG5_gdc-ms-se-poc_Demo28/images/panther_ecom/24.jpeg","Ultimate Ears","Audio & Video Accessories","https://gdc-ms-se-poc-public.s3.amazonaws.com/AIDA5QKRHPNLYMZONKLG5_gdc-ms-se-poc_Demo28/images/panther_ecom/24.jpeg","https://gdc-ms-se-poc-public.s3.amazonaws.com/AIDA5QKRHPNLYMZONKLG5_gdc-ms-se-poc_Demo28/images/panther_ecom/24.jpeg","3.70","merchant__electronics","4"
"24","Ultimate Ears MEGABLAST Portable Wi-Fi/Bluetooth Speaker - Graphite Black","https://gdc-ms-se-poc-public.s3.amazonaws.com/AIDA5QKRHPNLYMZONKLG5_gdc-ms-se-poc_Demo28/images/panther_ecom/24.jpeg","Ultimate Ears","Audio & Video Accessories","https://gdc-ms-se-poc-public.s3.amazonaws.com/AIDA5QKRHPNLYMZONKLG5_gdc-ms-se-poc_Demo28/images/panther_ecom/24.jpeg","https://gdc-ms-se-poc-public.s3.amazonaws.com/AIDA5QKRHPNLYMZONKLG5_gdc-ms-se-poc_Demo28/images/panther_ecom/24.jpeg","3.70","merchant__clothing","4"
"25","Women's Full-Zip HoodieNike Yoga","https://gdc-ms-se-poc-public.s3.amazonaws.com/AIDA5QKRHPNLYMZONKLG5_gdc-ms-se-poc_Demo28/images/panther_ecom/25.webp","Nike","Clothing","https://gdc-ms-se-poc-public.s3.amazonaws.com/AIDA5QKRHPNLYMZONKLG5_gdc-ms-se-poc_Demo28/images/panther_ecom/25.webp","https://gdc-ms-se-poc-public.s3.amazonaws.com/AIDA5QKRHPNLYMZONKLG5_gdc-ms-se-poc_Demo28/images/panther_ecom/25.webp","3.80","merchant__clothing","4"
"26","5qt Gourmet Slow Cooker With All In One Browning","https://gdc-ms-se-poc-public.s3.amazonaws.com/AIDA5QKRHPNLYMZONKLG5_gdc-ms-se-poc_Demo28/images/panther_ecom/26.jpeg","T.J.Maxx","Home Goods","https://gdc-ms-se-poc-public.s3.amazonaws.com/AIDA5QKRHPNLYMZONKLG5_gdc-ms-se-poc_Demo28/images/panther_ecom/26.jpeg","https://gdc-ms-se-poc-public.s3.amazonaws.com/AIDA5QKRHPNLYMZONKLG5_gdc-ms-se-poc_Demo28/images/panther_ecom/26.jpeg","3.90","merchant__clothing","4"
"26","5qt Gourmet Slow Cooker With All In One Browning","https://gdc-ms-se-poc-public.s3.amazonaws.com/AIDA5QKRHPNLYMZONKLG5_gdc-ms-se-poc_Demo28/images/panther_ecom/26.jpeg","T.J.Maxx","Home Goods","https://gdc-ms-se-poc-public.s3.amazonaws.com/AIDA5QKRHPNLYMZONKLG5_gdc-ms-se-poc_Demo28/images/panther_ecom/26.jpeg","https://gdc-ms-se-poc-public.s3.amazonaws.com/AIDA5QKRHPNLYMZONKLG5_gdc-ms-se-poc_Demo28/images/panther_ecom/26.jpeg","3.90","merchant__bigboxretailer","4"
"27","CORSAIR VENGEANCE RGB 16GB (2x8GB) DDR4 3200MHz C16 Desktop Memory - Black","https://gdc-ms-se-poc-public.s3.amazonaws.com/AIDA5QKRHPNLYMZONKLG5_gdc-ms-se-poc_Demo28/images/panther_ecom/27.png","Corsair","Computers & Accessories","https://gdc-ms-se-poc-public.s3.amazonaws.com/AIDA5QKRHPNLYMZONKLG5_gdc-ms-se-poc_Demo28/images/panther_ecom/27.png","https://gdc-ms-se-poc-public.s3.amazonaws.com/AIDA5QKRHPNLYMZONKLG5_gdc-ms-se-poc_Demo28/images/panther_ecom/27.png","4.00","merchant__bigboxretailer","4"
"27","CORSAIR VENGEANCE RGB 16GB (2x8GB) DDR4 3200MHz C16 Desktop Memory - Black","https://gdc-ms-se-poc-public.s3.amazonaws.com/AIDA5QKRHPNLYMZONKLG5_gdc-ms-se-poc_Demo28/images/panther_ecom/27.png","Corsair","Computers & Accessories","https://gdc-ms-se-poc-public.s3.amazonaws.com/AIDA5QKRHPNLYMZONKLG5_gdc-ms-se-poc_Demo28/images/panther_ecom/27.png","https://gdc-ms-se-poc-public.s3.amazonaws.com/AIDA5QKRHPNLYMZONKLG5_gdc-ms-se-poc_Demo28/images/panther_ecom/27.png","4.00","merchant__electronics","4"
"28","WINNERS TANK TOP","https://gdc-ms-se-poc-public.s3.amazonaws.com/AIDA5QKRHPNLYMZONKLG5_gdc-ms-se-poc_Demo28/images/panther_ecom/28.jpeg","Adidas","Clothing","https://gdc-ms-se-poc-public.s3.amazonaws.com/AIDA5QKRHPNLYMZONKLG5_gdc-ms-se-poc_Demo28/images/panther_ecom/28.jpeg","https://gdc-ms-se-poc-public.s3.amazonaws.com/AIDA5QKRHPNLYMZONKLG5_gdc-ms-se-poc_Demo28/images/panther_ecom/28.jpeg","4.10","merchant__clothing","4"
"29","Maze Tall White Geometric Bookcase","https://gdc-ms-se-poc-public.s3.amazonaws.com/AIDA5QKRHPNLYMZONKLG5_gdc-ms-se-poc_Demo28/images/panther_ecom/29.jpeg","Crates & Kids","Furniture","https://gdc-ms-se-poc-public.s3.amazonaws.com/AIDA5QKRHPNLYMZONKLG5_gdc-ms-se-poc_Demo28/images/panther_ecom/29.jpeg","https://gdc-ms-se-poc-public.s3.amazonaws.com/AIDA5QKRHPNLYMZONKLG5_gdc-ms-se-poc_Demo28/images/panther_ecom/29.jpeg","4.20","merchant__bigboxretailer","4"
"30","Flipside 300 Backpack (Black)","https://gdc-ms-se-poc-public.s3.amazonaws.com/AIDA5QKRHPNLYMZONKLG5_gdc-ms-se-poc_Demo28/images/panther_ecom/30.jpeg","Lowepro","Clothing","https://gdc-ms-se-poc-public.s3.amazonaws.com/AIDA5QKRHPNLYMZONKLG5_gdc-ms-se-poc_Demo28/images/panther_ecom/30.jpeg","https://gdc-ms-se-poc-public.s3.amazonaws.com/AIDA5QKRHPNLYMZONKLG5_gdc-ms-se-poc_Demo28/images/panther_ecom/30.jpeg","4.30","merchant__clothing","4"
"32","Breshay 8 Drawer Rolling Storage Chest","https://gdc-ms-se-poc-public.s3.amazonaws.com/AIDA5QKRHPNLYMZONKLG5_gdc-ms-se-poc_Demo28/images/panther_ecom/32.webp","Wayfair","Furniture","https://gdc-ms-se-poc-public.s3.amazonaws.com/AIDA5QKRHPNLYMZONKLG5_gdc-ms-se-poc_Demo28/images/panther_ecom/32.webp","https://gdc-ms-se-poc-public.s3.amazonaws.com/AIDA5QKRHPNLYMZONKLG5_gdc-ms-se-poc_Demo28/images/panther_ecom/32.webp","4.50","merchant__bigboxretailer","5"
"33","Polk Audio - 50 W Woofer - Black","https://gdc-ms-se-poc-public.s3.amazonaws.com/AIDA5QKRHPNLYMZONKLG5_gdc-ms-se-poc_Demo28/images/panther_ecom/33.jpg","Polk Audio","Audio & Video Accessories","https://gdc-ms-se-poc-public.s3.amazonaws.com/AIDA5QKRHPNLYMZONKLG5_gdc-ms-se-poc_Demo28/images/panther_ecom/33.jpg","https://gdc-ms-se-poc-public.s3.amazonaws.com/AIDA5QKRHPNLYMZONKLG5_gdc-ms-se-poc_Demo28/images/panther_ecom/33.jpg","4.60","merchant__electronics","5"
"33","Polk Audio - 50 W Woofer - Black","https://gdc-ms-se-poc-public.s3.amazonaws.com/AIDA5QKRHPNLYMZONKLG5_gdc-ms-se-poc_Demo28/images/panther_ecom/33.jpg","Polk Audio","Audio & Video Accessories","https://gdc-ms-se-poc-public.s3.amazonaws.com/AIDA5QKRHPNLYMZONKLG5_gdc-ms-se-poc_Demo28/images/panther_ecom/33.jpg","https://gdc-ms-se-poc-public.s3.amazonaws.com/AIDA5QKRHPNLYMZONKLG5_gdc-ms-se-poc_Demo28/images/panther_ecom/33.jpg","4.60","merchant__clothing","5"
"34","Women's L.L.Bean Sweater Fleece Pullover","https://gdc-ms-se-poc-public.s3.amazonaws.com/AIDA5QKRHPNLYMZONKLG5_gdc-ms-se-poc_Demo28/images/panther_ecom/34.jpeg","L.L. Bean","Clothing","https://gdc-ms-se-poc-public.s3.amazonaws.com/AIDA5QKRHPNLYMZONKLG5_gdc-ms-se-poc_Demo28/images/panther_ecom/34.jpeg","https://gdc-ms-se-poc-public.s3.amazonaws.com/AIDA5QKRHPNLYMZONKLG5_gdc-ms-se-poc_Demo28/images/panther_ecom/34.jpeg","4.70","merchant__clothing","5"
"35","Rustic Reclaimed Wood Bench","https://gdc-ms-se-poc-public.s3.amazonaws.com/AIDA5QKRHPNLYMZONKLG5_gdc-ms-se-poc_Demo28/images/panther_ecom/35.jpeg","Pottery Barn","Furniture","https://gdc-ms-se-poc-public.s3.amazonaws.com/AIDA5QKRHPNLYMZONKLG5_gdc-ms-se-poc_Demo28/images/panther_ecom/35.jpeg","https://gdc-ms-se-poc-public.s3.amazonaws.com/AIDA5QKRHPNLYMZONKLG5_gdc-ms-se-poc_Demo28/images/panther_ecom/35.jpeg","4.80","merchant__bigboxretailer","5"
"36","ST640P Universal Tilt Wall Mount for 32 to 50 Displays","https://gdc-ms-se-poc-public.s3.amazonaws.com/AIDA5QKRHPNLYMZONKLG5_gdc-ms-se-poc_Demo28/images/panther_ecom/36.jpeg","Peerless-AV","Audio & Video Accessories","https://gdc-ms-se-poc-public.s3.amazonaws.com/AIDA5QKRHPNLYMZONKLG5_gdc-ms-se-poc_Demo28/images/panther_ecom/36.jpeg","https://gdc-ms-se-poc-public.s3.amazonaws.com/AIDA5QKRHPNLYMZONKLG5_gdc-ms-se-poc_Demo28/images/panther_ecom/36.jpeg","4.20","merchant__electronics","4"
"36","ST640P Universal Tilt Wall Mount for 32 to 50 Displays","https://gdc-ms-se-poc-public.s3.amazonaws.com/AIDA5QKRHPNLYMZONKLG5_gdc-ms-se-poc_Demo28/images/panther_ecom/36.jpeg","Peerless-AV","Audio & Video Accessories","https://gdc-ms-se-poc-public.s3.amazonaws.com/AIDA5QKRHPNLYMZONKLG5_gdc-ms-se-poc_Demo28/images/panther_ecom/36.jpeg","https://gdc-ms-se-poc-public.s3.amazonaws.com/AIDA5QKRHPNLYMZONKLG5_gdc-ms-se-poc_Demo28/images/panther_ecom/36.jpeg","4.20","merchant__clothing","4"
"37","Men's Retro Pile Fleece Jacket","https://gdc-ms-se-poc-public.s3.amazonaws.com/AIDA5QKRHPNLYMZONKLG5_gdc-ms-se-poc_Demo28/images/panther_ecom/37.webp","Patagonia","Clothing","https://gdc-ms-se-poc-public.s3.amazonaws.com/AIDA5QKRHPNLYMZONKLG5_gdc-ms-se-poc_Demo28/images/panther_ecom/37.webp","https://gdc-ms-se-poc-public.s3.amazonaws.com/AIDA5QKRHPNLYMZONKLG5_gdc-ms-se-poc_Demo28/images/panther_ecom/37.webp","4.40","merchant__clothing","4"
"38","POÃ„NG","https://gdc-ms-se-poc-public.s3.amazonaws.com/AIDA5QKRHPNLYMZONKLG5_gdc-ms-se-poc_Demo28/images/panther_ecom/38.png","IKEA","Furniture","https://gdc-ms-se-poc-public.s3.amazonaws.com/AIDA5QKRHPNLYMZONKLG5_gdc-ms-se-poc_Demo28/images/panther_ecom/38.png","https://gdc-ms-se-poc-public.s3.amazonaws.com/AIDA5QKRHPNLYMZONKLG5_gdc-ms-se-poc_Demo28/images/panther_ecom/38.png","4.50","merchant__bigboxretailer","5"
"39","Apple - Pre-Owned iPad 3 - 64GB - Black","https://gdc-ms-se-poc-public.s3.amazonaws.com/AIDA5QKRHPNLYMZONKLG5_gdc-ms-se-poc_Demo28/images/panther_ecom/39.jpeg","Apple","Computers & Accessories","https://gdc-ms-se-poc-public.s3.amazonaws.com/AIDA5QKRHPNLYMZONKLG5_gdc-ms-se-poc_Demo28/images/panther_ecom/39.jpeg","https://gdc-ms-se-poc-public.s3.amazonaws.com/AIDA5QKRHPNLYMZONKLG5_gdc-ms-se-poc_Demo28/images/panther_ecom/39.jpeg","4.70","merchant__bigboxretailer","5"
"39","Apple - Pre-Owned iPad 3 - 64GB - Black","https://gdc-ms-se-poc-public.s3.amazonaws.com/AIDA5QKRHPNLYMZONKLG5_gdc-ms-se-poc_Demo28/images/panther_ecom/39.jpeg","Apple","Computers & Accessories","https://gdc-ms-se-poc-public.s3.amazonaws.com/AIDA5QKRHPNLYMZONKLG5_gdc-ms-se-poc_Demo28/images/panther_ecom/39.jpeg","https://gdc-ms-se-poc-public.s3.amazonaws.com/AIDA5QKRHPNLYMZONKLG5_gdc-ms-se-poc_Demo28/images/panther_ecom/39.jpeg","4.70","merchant__electronics","5"
"40","Nike Sportswear Icon Clash","https://gdc-ms-se-poc-public.s3.amazonaws.com/AIDA5QKRHPNLYMZONKLG5_gdc-ms-se-poc_Demo28/images/panther_ecom/40.png","Nike","Clothing","https://gdc-ms-se-poc-public.s3.amazonaws.com/AIDA5QKRHPNLYMZONKLG5_gdc-ms-se-poc_Demo28/images/panther_ecom/40.png","https://gdc-ms-se-poc-public.s3.amazonaws.com/AIDA5QKRHPNLYMZONKLG5_gdc-ms-se-poc_Demo28/images/panther_ecom/40.png","4.40","merchant__clothing","4"
"41","Valencia Acacia Wood Stool","https://gdc-ms-se-poc-public.s3.amazonaws.com/AIDA5QKRHPNLYMZONKLG5_gdc-ms-se-poc_Demo28/images/panther_ecom/41.jpeg","T.J.Maxx","Furniture","https://gdc-ms-se-poc-public.s3.amazonaws.com/AIDA5QKRHPNLYMZONKLG5_gdc-ms-se-poc_Demo28/images/panther_ecom/41.jpeg","https://gdc-ms-se-poc-public.s3.amazonaws.com/AIDA5QKRHPNLYMZONKLG5_gdc-ms-se-poc_Demo28/images/panther_ecom/41.jpeg","4.20","merchant__bigboxretailer","4"
"42","2TB Red 5400 rpm SATA III 3.5 Internal NAS HDD","https://gdc-ms-se-poc-public.s3.amazonaws.com/AIDA5QKRHPNLYMZONKLG5_gdc-ms-se-poc_Demo28/images/panther_ecom/42.png","WD","Computers & Accessories","https://gdc-ms-se-poc-public.s3.amazonaws.com/AIDA5QKRHPNLYMZONKLG5_gdc-ms-se-poc_Demo28/images/panther_ecom/42.png","https://gdc-ms-se-poc-public.s3.amazonaws.com/AIDA5QKRHPNLYMZONKLG5_gdc-ms-se-poc_Demo28/images/panther_ecom/42.png","4.30","merchant__bigboxretailer","4"
"42","2TB Red 5400 rpm SATA III 3.5 Internal NAS HDD","https://gdc-ms-se-poc-public.s3.amazonaws.com/AIDA5QKRHPNLYMZONKLG5_gdc-ms-se-poc_Demo28/images/panther_ecom/42.png","WD","Computers & Accessories","https://gdc-ms-se-poc-public.s3.amazonaws.com/AIDA5QKRHPNLYMZONKLG5_gdc-ms-se-poc_Demo28/images/panther_ecom/42.png","https://gdc-ms-se-poc-public.s3.amazonaws.com/AIDA5QKRHPNLYMZONKLG5_gdc-ms-se-poc_Demo28/images/panther_ecom/42.png","4.30","merchant__electronics","4"
"43","OWN THE RUN TEE","https://gdc-ms-se-poc-public.s3.amazonaws.com/AIDA5QKRHPNLYMZONKLG5_gdc-ms-se-poc_Demo28/images/panther_ecom/43.webp","Adidas","Clothing","https://gdc-ms-se-poc-public.s3.amazonaws.com/AIDA5QKRHPNLYMZONKLG5_gdc-ms-se-poc_Demo28/images/panther_ecom/43.webp","https://gdc-ms-se-poc-public.s3.amazonaws.com/AIDA5QKRHPNLYMZONKLG5_gdc-ms-se-poc_Demo28/images/panther_ecom/43.webp","4.80","merchant__clothing","5"
"44","Williams 3 Drawer Chest","https://gdc-ms-se-poc-public.s3.amazonaws.com/AIDA5QKRHPNLYMZONKLG5_gdc-ms-se-poc_Demo28/images/panther_ecom/44.webp","AllModern","Furniture","https://gdc-ms-se-poc-public.s3.amazonaws.com/AIDA5QKRHPNLYMZONKLG5_gdc-ms-se-poc_Demo28/images/panther_ecom/44.webp","https://gdc-ms-se-poc-public.s3.amazonaws.com/AIDA5QKRHPNLYMZONKLG5_gdc-ms-se-poc_Demo28/images/panther_ecom/44.webp","4.30","merchant__bigboxretailer","4"
"45","Motorola Wi-Fi Pet Video Camera","https://gdc-ms-se-poc-public.s3.amazonaws.com/AIDA5QKRHPNLYMZONKLG5_gdc-ms-se-poc_Demo28/images/panther_ecom/45.jpeg","Motorola","Audio & Video Accessories","https://gdc-ms-se-poc-public.s3.amazonaws.com/AIDA5QKRHPNLYMZONKLG5_gdc-ms-se-poc_Demo28/images/panther_ecom/45.jpeg","https://gdc-ms-se-poc-public.s3.amazonaws.com/AIDA5QKRHPNLYMZONKLG5_gdc-ms-se-poc_Demo28/images/panther_ecom/45.jpeg","4.10","merchant__electronics","4"
"45","Motorola Wi-Fi Pet Video Camera","https://gdc-ms-se-poc-public.s3.amazonaws.com/AIDA5QKRHPNLYMZONKLG5_gdc-ms-se-poc_Demo28/images/panther_ecom/45.jpeg","Motorola","Audio & Video Accessories","https://gdc-ms-se-poc-public.s3.amazonaws.com/AIDA5QKRHPNLYMZONKLG5_gdc-ms-se-poc_Demo28/images/panther_ecom/45.jpeg","https://gdc-ms-se-poc-public.s3.amazonaws.com/AIDA5QKRHPNLYMZONKLG5_gdc-ms-se-poc_Demo28/images/panther_ecom/45.jpeg","4.10","merchant__clothing","4"
"46","Women's West Bend Full Zip Fleece Jacket","https://gdc-ms-se-poc-public.s3.amazonaws.com/AIDA5QKRHPNLYMZONKLG5_gdc-ms-se-poc_Demo28/images/panther_ecom/46.webp","Columbia","Clothing","https://gdc-ms-se-poc-public.s3.amazonaws.com/AIDA5QKRHPNLYMZONKLG5_gdc-ms-se-poc_Demo28/images/panther_ecom/46.webp","https://gdc-ms-se-poc-public.s3.amazonaws.com/AIDA5QKRHPNLYMZONKLG5_gdc-ms-se-poc_Demo28/images/panther_ecom/46.webp","3.30","merchant__clothing","3"
"47","Glam Distressed Accent Mirror","https://gdc-ms-se-poc-public.s3.amazonaws.com/AIDA5QKRHPNLYMZONKLG5_gdc-ms-se-poc_Demo28/images/panther_ecom/47.png","Wayfair","Home Goods","https://gdc-ms-se-poc-public.s3.amazonaws.com/AIDA5QKRHPNLYMZONKLG5_gdc-ms-se-poc_Demo28/images/panther_ecom/47.png","https://gdc-ms-se-poc-public.s3.amazonaws.com/AIDA5QKRHPNLYMZONKLG5_gdc-ms-se-poc_Demo28/images/panther_ecom/47.png","4.70","merchant__clothing","5"
"47","Glam Distressed Accent Mirror","https://gdc-ms-se-poc-public.s3.amazonaws.com/AIDA5QKRHPNLYMZONKLG5_gdc-ms-se-poc_Demo28/images/panther_ecom/47.png","Wayfair","Home Goods","https://gdc-ms-se-poc-public.s3.amazonaws.com/AIDA5QKRHPNLYMZONKLG5_gdc-ms-se-poc_Demo28/images/panther_ecom/47.png","https://gdc-ms-se-poc-public.s3.amazonaws.com/AIDA5QKRHPNLYMZONKLG5_gdc-ms-se-poc_Demo28/images/panther_ecom/47.png","4.70","merchant__bigboxretailer","5"
"48","Acoustimass 6 Series V Home Theater Speaker System (Black)","https://gdc-ms-se-poc-public.s3.amazonaws.com/AIDA5QKRHPNLYMZONKLG5_gdc-ms-se-poc_Demo28/images/panther_ecom/48.jpeg","Corsair","Audio & Video Accessories","https://gdc-ms-se-poc-public.s3.amazonaws.com/AIDA5QKRHPNLYMZONKLG5_gdc-ms-se-poc_Demo28/images/panther_ecom/48.jpeg","https://gdc-ms-se-poc-public.s3.amazonaws.com/AIDA5QKRHPNLYMZONKLG5_gdc-ms-se-poc_Demo28/images/panther_ecom/48.jpeg","4.60","merchant__electronics","5"
"48","Acoustimass 6 Series V Home Theater Speaker System (Black)","https://gdc-ms-se-poc-public.s3.amazonaws.com/AIDA5QKRHPNLYMZONKLG5_gdc-ms-se-poc_Demo28/images/panther_ecom/48.jpeg","Corsair","Audio & Video Accessories","https://gdc-ms-se-poc-public.s3.amazonaws.com/AIDA5QKRHPNLYMZONKLG5_gdc-ms-se-poc_Demo28/images/panther_ecom/48.jpeg","https://gdc-ms-se-poc-public.s3.amazonaws.com/AIDA5QKRHPNLYMZONKLG5_gdc-ms-se-poc_Demo28/images/panther_ecom/48.jpeg","4.60","merchant__clothing","5"
"49","Men's Autumn And Winter Outdoor Retro Plaid Lining Design Jacket","https://gdc-ms-se-poc-public.s3.amazonaws.com/AIDA5QKRHPNLYMZONKLG5_gdc-ms-se-poc_Demo28/images/panther_ecom/49.webp","Wayrates","Clothing","https://gdc-ms-se-poc-public.s3.amazonaws.com/AIDA5QKRHPNLYMZONKLG5_gdc-ms-se-poc_Demo28/images/panther_ecom/49.webp","https://gdc-ms-se-poc-public.s3.amazonaws.com/AIDA5QKRHPNLYMZONKLG5_gdc-ms-se-poc_Demo28/images/panther_ecom/49.webp","4.00","merchant__clothing","4"
"50","Mateo 36 Console Tablet","https://gdc-ms-se-poc-public.s3.amazonaws.com/AIDA5QKRHPNLYMZONKLG5_gdc-ms-se-poc_Demo28/images/panther_ecom/50.jpeg","Pottery Barn","Furniture","https://gdc-ms-se-poc-public.s3.amazonaws.com/AIDA5QKRHPNLYMZONKLG5_gdc-ms-se-poc_Demo28/images/panther_ecom/50.jpeg","https://gdc-ms-se-poc-public.s3.amazonaws.com/AIDA5QKRHPNLYMZONKLG5_gdc-ms-se-poc_Demo28/images/panther_ecom/50.jpeg","4.80","merchant__bigboxretailer","5"
"51","Sanus VLF410B1 10-Inch Super Slim Full-Motion Mount for 37 - 84 Inches TV","https://gdc-ms-se-poc-public.s3.amazonaws.com/AIDA5QKRHPNLYMZONKLG5_gdc-ms-se-poc_Demo28/images/panther_ecom/51.jpg","Sanus","Audio & Video Accessories","https://gdc-ms-se-poc-public.s3.amazonaws.com/AIDA5QKRHPNLYMZONKLG5_gdc-ms-se-poc_Demo28/images/panther_ecom/51.jpg","https://gdc-ms-se-poc-public.s3.amazonaws.com/AIDA5QKRHPNLYMZONKLG5_gdc-ms-se-poc_Demo28/images/panther_ecom/51.jpg","4.00","merchant__electronics","4"
"51","Sanus VLF410B1 10-Inch Super Slim Full-Motion Mount for 37 - 84 Inches TV","https://gdc-ms-se-poc-public.s3.amazonaws.com/AIDA5QKRHPNLYMZONKLG5_gdc-ms-se-poc_Demo28/images/panther_ecom/51.jpg","Sanus","Audio & Video Accessories","https://gdc-ms-se-poc-public.s3.amazonaws.com/AIDA5QKRHPNLYMZONKLG5_gdc-ms-se-poc_Demo28/images/panther_ecom/51.jpg","https://gdc-ms-se-poc-public.s3.amazonaws.com/AIDA5QKRHPNLYMZONKLG5_gdc-ms-se-poc_Demo28/images/panther_ecom/51.jpg","4.00","merchant__clothing","4"
"52","Men's Wool Blend Diamond Quilt Henley","https://gdc-ms-se-poc-public.s3.amazonaws.com/AIDA5QKRHPNLYMZONKLG5_gdc-ms-se-poc_Demo28/images/panther_ecom/52.png","Patagonia","Clothing","https://gdc-ms-se-poc-public.s3.amazonaws.com/AIDA5QKRHPNLYMZONKLG5_gdc-ms-se-poc_Demo28/images/panther_ecom/52.png","https://gdc-ms-se-poc-public.s3.amazonaws.com/AIDA5QKRHPNLYMZONKLG5_gdc-ms-se-poc_Demo28/images/panther_ecom/52.png","4.10","merchant__clothing","4"
"53","EKEDALEN","https://gdc-ms-se-poc-public.s3.amazonaws.com/AIDA5QKRHPNLYMZONKLG5_gdc-ms-se-poc_Demo28/images/panther_ecom/53.png","IKEA","Furniture","https://gdc-ms-se-poc-public.s3.amazonaws.com/AIDA5QKRHPNLYMZONKLG5_gdc-ms-se-poc_Demo28/images/panther_ecom/53.png","https://gdc-ms-se-poc-public.s3.amazonaws.com/AIDA5QKRHPNLYMZONKLG5_gdc-ms-se-poc_Demo28/images/panther_ecom/53.png","4.60","merchant__bigboxretailer","5"
"54","OBSBOT Tiny PTZ 4K Webcam","https://gdc-ms-se-poc-public.s3.amazonaws.com/AIDA5QKRHPNLYMZONKLG5_gdc-ms-se-poc_Demo28/images/panther_ecom/54.jpg","OBSBOT","Computers & Accessories","https://gdc-ms-se-poc-public.s3.amazonaws.com/AIDA5QKRHPNLYMZONKLG5_gdc-ms-se-poc_Demo28/images/panther_ecom/54.jpg","https://gdc-ms-se-poc-public.s3.amazonaws.com/AIDA5QKRHPNLYMZONKLG5_gdc-ms-se-poc_Demo28/images/panther_ecom/54.jpg","4.20","merchant__bigboxretailer","4"
"54","OBSBOT Tiny PTZ 4K Webcam","https://gdc-ms-se-poc-public.s3.amazonaws.com/AIDA5QKRHPNLYMZONKLG5_gdc-ms-se-poc_Demo28/images/panther_ecom/54.jpg","OBSBOT","Computers & Accessories","https://gdc-ms-se-poc-public.s3.amazonaws.com/AIDA5QKRHPNLYMZONKLG5_gdc-ms-se-poc_Demo28/images/panther_ecom/54.jpg","https://gdc-ms-se-poc-public.s3.amazonaws.com/AIDA5QKRHPNLYMZONKLG5_gdc-ms-se-poc_Demo28/images/panther_ecom/54.jpg","4.20","merchant__electronics","4"
"55","Nike Storm-FIT ADV ACG Chain of Craters","https://gdc-ms-se-poc-public.s3.amazonaws.com/AIDA5QKRHPNLYMZONKLG5_gdc-ms-se-poc_Demo28/images/panther_ecom/55.png","Nike","Clothing","https://gdc-ms-se-poc-public.s3.amazonaws.com/AIDA5QKRHPNLYMZONKLG5_gdc-ms-se-poc_Demo28/images/panther_ecom/55.png","https://gdc-ms-se-poc-public.s3.amazonaws.com/AIDA5QKRHPNLYMZONKLG5_gdc-ms-se-poc_Demo28/images/panther_ecom/55.png","3.50","merchant__clothing","4"
"56","Angel Square Tufted Linen Ottoman","https://gdc-ms-se-poc-public.s3.amazonaws.com/AIDA5QKRHPNLYMZONKLG5_gdc-ms-se-poc_Demo28/images/panther_ecom/56.jpeg","T.J.Maxx","Furniture","https://gdc-ms-se-poc-public.s3.amazonaws.com/AIDA5QKRHPNLYMZONKLG5_gdc-ms-se-poc_Demo28/images/panther_ecom/56.jpeg","https://gdc-ms-se-poc-public.s3.amazonaws.com/AIDA5QKRHPNLYMZONKLG5_gdc-ms-se-poc_Demo28/images/panther_ecom/56.jpeg","4.20","merchant__bigboxretailer","4"
"58","Calvin Klein Solid 3-in-1 Parka Jacket","https://gdc-ms-se-poc-public.s3.amazonaws.com/AIDA5QKRHPNLYMZONKLG5_gdc-ms-se-poc_Demo28/images/panther_ecom/58.jpeg","Calvin Klein","Clothing","https://gdc-ms-se-poc-public.s3.amazonaws.com/AIDA5QKRHPNLYMZONKLG5_gdc-ms-se-poc_Demo28/images/panther_ecom/58.jpeg","https://gdc-ms-se-poc-public.s3.amazonaws.com/AIDA5QKRHPNLYMZONKLG5_gdc-ms-se-poc_Demo28/images/panther_ecom/58.jpeg","4.50","merchant__clothing","5"
"59","Williams Tufted Upholstered Low Profile Platform Bed","https://gdc-ms-se-poc-public.s3.amazonaws.com/AIDA5QKRHPNLYMZONKLG5_gdc-ms-se-poc_Demo28/images/panther_ecom/59.webp","AllModern","Furniture","https://gdc-ms-se-poc-public.s3.amazonaws.com/AIDA5QKRHPNLYMZONKLG5_gdc-ms-se-poc_Demo28/images/panther_ecom/59.webp","https://gdc-ms-se-poc-public.s3.amazonaws.com/AIDA5QKRHPNLYMZONKLG5_gdc-ms-se-poc_Demo28/images/panther_ecom/59.webp","4.70","merchant__bigboxretailer","5"
"60","Virtually Invisible 891 In-Wall Speakers (Pair)","https://gdc-ms-se-poc-public.s3.amazonaws.com/AIDA5QKRHPNLYMZONKLG5_gdc-ms-se-poc_Demo28/images/panther_ecom/60.jpg","Bose","Audio & Video Accessories","https://gdc-ms-se-poc-public.s3.amazonaws.com/AIDA5QKRHPNLYMZONKLG5_gdc-ms-se-poc_Demo28/images/panther_ecom/60.jpg","https://gdc-ms-se-poc-public.s3.amazonaws.com/AIDA5QKRHPNLYMZONKLG5_gdc-ms-se-poc_Demo28/images/panther_ecom/60.jpg","4.40","merchant__electronics","4"
"60","Virtually Invisible 891 In-Wall Speakers (Pair)","https://gdc-ms-se-poc-public.s3.amazonaws.com/AIDA5QKRHPNLYMZONKLG5_gdc-ms-se-poc_Demo28/images/panther_ecom/60.jpg","Bose","Audio & Video Accessories","https://gdc-ms-se-poc-public.s3.amazonaws.com/AIDA5QKRHPNLYMZONKLG5_gdc-ms-se-poc_Demo28/images/panther_ecom/60.jpg","https://gdc-ms-se-poc-public.s3.amazonaws.com/AIDA5QKRHPNLYMZONKLG5_gdc-ms-se-poc_Demo28/images/panther_ecom/60.jpg","4.40","merchant__clothing","4"
"61","Men's Watertight II Jacket","https://gdc-ms-se-poc-public.s3.amazonaws.com/AIDA5QKRHPNLYMZONKLG5_gdc-ms-se-poc_Demo28/images/panther_ecom/61.webp","Columbia","Clothing","https://gdc-ms-se-poc-public.s3.amazonaws.com/AIDA5QKRHPNLYMZONKLG5_gdc-ms-se-poc_Demo28/images/panther_ecom/61.webp","https://gdc-ms-se-poc-public.s3.amazonaws.com/AIDA5QKRHPNLYMZONKLG5_gdc-ms-se-poc_Demo28/images/panther_ecom/61.webp","4.40","merchant__clothing","4"
"62","Regan 35.8 inch Solid Wood Console Table","https://gdc-ms-se-poc-public.s3.amazonaws.com/AIDA5QKRHPNLYMZONKLG5_gdc-ms-se-poc_Demo28/images/panther_ecom/62.jpeg","Wayfair","Furniture","https://gdc-ms-se-poc-public.s3.amazonaws.com/AIDA5QKRHPNLYMZONKLG5_gdc-ms-se-poc_Demo28/images/panther_ecom/62.jpeg","https://gdc-ms-se-poc-public.s3.amazonaws.com/AIDA5QKRHPNLYMZONKLG5_gdc-ms-se-poc_Demo28/images/panther_ecom/62.jpeg","4.20","merchant__bigboxretailer","4"
"63","Jamo S 803 Black - Pair","https://gdc-ms-se-poc-public.s3.amazonaws.com/AIDA5QKRHPNLYMZONKLG5_gdc-ms-se-poc_Demo28/images/panther_ecom/63.jpg","Jamo","Audio & Video Accessories","https://gdc-ms-se-poc-public.s3.amazonaws.com/AIDA5QKRHPNLYMZONKLG5_gdc-ms-se-poc_Demo28/images/panther_ecom/63.jpg","https://gdc-ms-se-poc-public.s3.amazonaws.com/AIDA5QKRHPNLYMZONKLG5_gdc-ms-se-poc_Demo28/images/panther_ecom/63.jpg","3.70","merchant__electronics","4"
"63","Jamo S 803 Black - Pair","https://gdc-ms-se-poc-public.s3.amazonaws.com/AIDA5QKRHPNLYMZONKLG5_gdc-ms-se-poc_Demo28/images/panther_ecom/63.jpg","Jamo","Audio & Video Accessories","https://gdc-ms-se-poc-public.s3.amazonaws.com/AIDA5QKRHPNLYMZONKLG5_gdc-ms-se-poc_Demo28/images/panther_ecom/63.jpg","https://gdc-ms-se-poc-public.s3.amazonaws.com/AIDA5QKRHPNLYMZONKLG5_gdc-ms-se-poc_Demo28/images/panther_ecom/63.jpg","3.70","merchant__clothing","4"
"64","Wicked Plush Robe","https://gdc-ms-se-poc-public.s3.amazonaws.com/AIDA5QKRHPNLYMZONKLG5_gdc-ms-se-poc_Demo28/images/panther_ecom/64.jpeg","L.L. Bean","Clothing","https://gdc-ms-se-poc-public.s3.amazonaws.com/AIDA5QKRHPNLYMZONKLG5_gdc-ms-se-poc_Demo28/images/panther_ecom/64.jpeg","https://gdc-ms-se-poc-public.s3.amazonaws.com/AIDA5QKRHPNLYMZONKLG5_gdc-ms-se-poc_Demo28/images/panther_ecom/64.jpeg","4.30","merchant__clothing","4"
"65","Parquet 71 inch Reclaimed Wood Console Table","https://gdc-ms-se-poc-public.s3.amazonaws.com/AIDA5QKRHPNLYMZONKLG5_gdc-ms-se-poc_Demo28/images/panther_ecom/65.jpeg","Pottery Barn","Furniture","https://gdc-ms-se-poc-public.s3.amazonaws.com/AIDA5QKRHPNLYMZONKLG5_gdc-ms-se-poc_Demo28/images/panther_ecom/65.jpeg","https://gdc-ms-se-poc-public.s3.amazonaws.com/AIDA5QKRHPNLYMZONKLG5_gdc-ms-se-poc_Demo28/images/panther_ecom/65.jpeg","4.10","merchant__bigboxretailer","4"
"66","Corsair Apple 8 GB Dual Channel Kit","https://gdc-ms-se-poc-public.s3.amazonaws.com/AIDA5QKRHPNLYMZONKLG5_gdc-ms-se-poc_Demo28/images/panther_ecom/66.jpg","Corsair","Computers & Accessories","https://gdc-ms-se-poc-public.s3.amazonaws.com/AIDA5QKRHPNLYMZONKLG5_gdc-ms-se-poc_Demo28/images/panther_ecom/66.jpg","https://gdc-ms-se-poc-public.s3.amazonaws.com/AIDA5QKRHPNLYMZONKLG5_gdc-ms-se-poc_Demo28/images/panther_ecom/66.jpg","4.80","merchant__bigboxretailer","5"
"66","Corsair Apple 8 GB Dual Channel Kit","https://gdc-ms-se-poc-public.s3.amazonaws.com/AIDA5QKRHPNLYMZONKLG5_gdc-ms-se-poc_Demo28/images/panther_ecom/66.jpg","Corsair","Computers & Accessories","https://gdc-ms-se-poc-public.s3.amazonaws.com/AIDA5QKRHPNLYMZONKLG5_gdc-ms-se-poc_Demo28/images/panther_ecom/66.jpg","https://gdc-ms-se-poc-public.s3.amazonaws.com/AIDA5QKRHPNLYMZONKLG5_gdc-ms-se-poc_Demo28/images/panther_ecom/66.jpg","4.80","merchant__electronics","5"
"67","Women's Off Country Mock Neck","https://gdc-ms-se-poc-public.s3.amazonaws.com/AIDA5QKRHPNLYMZONKLG5_gdc-ms-se-poc_Demo28/images/panther_ecom/67.jpeg","Patagonia","Clothing","https://gdc-ms-se-poc-public.s3.amazonaws.com/AIDA5QKRHPNLYMZONKLG5_gdc-ms-se-poc_Demo28/images/panther_ecom/67.jpeg","https://gdc-ms-se-poc-public.s3.amazonaws.com/AIDA5QKRHPNLYMZONKLG5_gdc-ms-se-poc_Demo28/images/panther_ecom/67.jpeg","4.10","merchant__clothing","4"
"68","EKOLSUND","https://gdc-ms-se-poc-public.s3.amazonaws.com/AIDA5QKRHPNLYMZONKLG5_gdc-ms-se-poc_Demo28/images/panther_ecom/68.png","IKEA","Furniture","https://gdc-ms-se-poc-public.s3.amazonaws.com/AIDA5QKRHPNLYMZONKLG5_gdc-ms-se-poc_Demo28/images/panther_ecom/68.png","https://gdc-ms-se-poc-public.s3.amazonaws.com/AIDA5QKRHPNLYMZONKLG5_gdc-ms-se-poc_Demo28/images/panther_ecom/68.png","4.30","merchant__bigboxretailer","4"
"69","Herschel Little America Laptop Backpack - Black/Tan Synthetic Leather - Classic 25.0L","https://gdc-ms-se-poc-public.s3.amazonaws.com/AIDA5QKRHPNLYMZONKLG5_gdc-ms-se-poc_Demo28/images/panther_ecom/69.jpg","Herschel","Clothing","https://gdc-ms-se-poc-public.s3.amazonaws.com/AIDA5QKRHPNLYMZONKLG5_gdc-ms-se-poc_Demo28/images/panther_ecom/69.jpg","https://gdc-ms-se-poc-public.s3.amazonaws.com/AIDA5QKRHPNLYMZONKLG5_gdc-ms-se-poc_Demo28/images/panther_ecom/69.jpg","4.30","merchant__clothing","4"
"70","Nike NBA Swingman Jersey Lakers Icon Edition 2020","https://gdc-ms-se-poc-public.s3.amazonaws.com/AIDA5QKRHPNLYMZONKLG5_gdc-ms-se-poc_Demo28/images/panther_ecom/70.webp","Nike","Clothing","https://gdc-ms-se-poc-public.s3.amazonaws.com/AIDA5QKRHPNLYMZONKLG5_gdc-ms-se-poc_Demo28/images/panther_ecom/70.webp","https://gdc-ms-se-poc-public.s3.amazonaws.com/AIDA5QKRHPNLYMZONKLG5_gdc-ms-se-poc_Demo28/images/panther_ecom/70.webp","4.10","merchant__clothing","4"
"71","20x20 Plaid Button Pillow","https://gdc-ms-se-poc-public.s3.amazonaws.com/AIDA5QKRHPNLYMZONKLG5_gdc-ms-se-poc_Demo28/images/panther_ecom/71.jpeg","T.J.Maxx","Home Goods","https://gdc-ms-se-poc-public.s3.amazonaws.com/AIDA5QKRHPNLYMZONKLG5_gdc-ms-se-poc_Demo28/images/panther_ecom/71.jpeg","https://gdc-ms-se-poc-public.s3.amazonaws.com/AIDA5QKRHPNLYMZONKLG5_gdc-ms-se-poc_Demo28/images/panther_ecom/71.jpeg","3.80","merchant__clothing","4"
"71","20x20 Plaid Button Pillow","https://gdc-ms-se-poc-public.s3.amazonaws.com/AIDA5QKRHPNLYMZONKLG5_gdc-ms-se-poc_Demo28/images/panther_ecom/71.jpeg","T.J.Maxx","Home Goods","https://gdc-ms-se-poc-public.s3.amazonaws.com/AIDA5QKRHPNLYMZONKLG5_gdc-ms-se-poc_Demo28/images/panther_ecom/71.jpeg","https://gdc-ms-se-poc-public.s3.amazonaws.com/AIDA5QKRHPNLYMZONKLG5_gdc-ms-se-poc_Demo28/images/panther_ecom/71.jpeg","3.80","merchant__bigboxretailer","4"
"72","Peerless - Round Ceiling Plate for Most Peerless-AV Projector Mounts - Black","https://gdc-ms-se-poc-public.s3.amazonaws.com/AIDA5QKRHPNLYMZONKLG5_gdc-ms-se-poc_Demo28/images/panther_ecom/72.jpeg","Peerless","Audio & Video Accessories","https://gdc-ms-se-poc-public.s3.amazonaws.com/AIDA5QKRHPNLYMZONKLG5_gdc-ms-se-poc_Demo28/images/panther_ecom/72.jpeg","https://gdc-ms-se-poc-public.s3.amazonaws.com/AIDA5QKRHPNLYMZONKLG5_gdc-ms-se-poc_Demo28/images/panther_ecom/72.jpeg","3.30","merchant__electronics","3"
"72","Peerless - Round Ceiling Plate for Most Peerless-AV Projector Mounts - Black","https://gdc-ms-se-poc-public.s3.amazonaws.com/AIDA5QKRHPNLYMZONKLG5_gdc-ms-se-poc_Demo28/images/panther_ecom/72.jpeg","Peerless","Audio & Video Accessories","https://gdc-ms-se-poc-public.s3.amazonaws.com/AIDA5QKRHPNLYMZONKLG5_gdc-ms-se-poc_Demo28/images/panther_ecom/72.jpeg","https://gdc-ms-se-poc-public.s3.amazonaws.com/AIDA5QKRHPNLYMZONKLG5_gdc-ms-se-poc_Demo28/images/panther_ecom/72.jpeg","3.30","merchant__clothing","3"
"73","ESSENTIALS 3-STRIPES TAPERED PANTS","https://gdc-ms-se-poc-public.s3.amazonaws.com/AIDA5QKRHPNLYMZONKLG5_gdc-ms-se-poc_Demo28/images/panther_ecom/73.png","Adidas","Clothing","https://gdc-ms-se-poc-public.s3.amazonaws.com/AIDA5QKRHPNLYMZONKLG5_gdc-ms-se-poc_Demo28/images/panther_ecom/73.png","https://gdc-ms-se-poc-public.s3.amazonaws.com/AIDA5QKRHPNLYMZONKLG5_gdc-ms-se-poc_Demo28/images/panther_ecom/73.png","4.70","merchant__clothing","5"
"74","Soho Desk","https://gdc-ms-se-poc-public.s3.amazonaws.com/AIDA5QKRHPNLYMZONKLG5_gdc-ms-se-poc_Demo28/images/panther_ecom/74.webp","AllModern","Furniture","https://gdc-ms-se-poc-public.s3.amazonaws.com/AIDA5QKRHPNLYMZONKLG5_gdc-ms-se-poc_Demo28/images/panther_ecom/74.webp","https://gdc-ms-se-poc-public.s3.amazonaws.com/AIDA5QKRHPNLYMZONKLG5_gdc-ms-se-poc_Demo28/images/panther_ecom/74.webp","4.70","merchant__bigboxretailer","5"
"75","NS-SP1800BL 5.1-Channel Home Theater System (Black)","https://gdc-ms-se-poc-public.s3.amazonaws.com/AIDA5QKRHPNLYMZONKLG5_gdc-ms-se-poc_Demo28/images/panther_ecom/75.jpeg","Yamaha","Audio & Video Accessories","https://gdc-ms-se-poc-public.s3.amazonaws.com/AIDA5QKRHPNLYMZONKLG5_gdc-ms-se-poc_Demo28/images/panther_ecom/75.jpeg","https://gdc-ms-se-poc-public.s3.amazonaws.com/AIDA5QKRHPNLYMZONKLG5_gdc-ms-se-poc_Demo28/images/panther_ecom/75.jpeg","4.40","merchant__electronics","4"
"75","NS-SP1800BL 5.1-Channel Home Theater System (Black)","https://gdc-ms-se-poc-public.s3.amazonaws.com/AIDA5QKRHPNLYMZONKLG5_gdc-ms-se-poc_Demo28/images/panther_ecom/75.jpeg","Yamaha","Audio & Video Accessories","https://gdc-ms-se-poc-public.s3.amazonaws.com/AIDA5QKRHPNLYMZONKLG5_gdc-ms-se-poc_Demo28/images/panther_ecom/75.jpeg","https://gdc-ms-se-poc-public.s3.amazonaws.com/AIDA5QKRHPNLYMZONKLG5_gdc-ms-se-poc_Demo28/images/panther_ecom/75.jpeg","4.40","merchant__clothing","4"
"76","Women's Mountain City Long Jacket","https://gdc-ms-se-poc-public.s3.amazonaws.com/AIDA5QKRHPNLYMZONKLG5_gdc-ms-se-poc_Demo28/images/panther_ecom/76.jpeg","Columbia","Clothing","https://gdc-ms-se-poc-public.s3.amazonaws.com/AIDA5QKRHPNLYMZONKLG5_gdc-ms-se-poc_Demo28/images/panther_ecom/76.jpeg","https://gdc-ms-se-poc-public.s3.amazonaws.com/AIDA5QKRHPNLYMZONKLG5_gdc-ms-se-poc_Demo28/images/panther_ecom/76.jpeg","4.60","merchant__clothing","5"
"77","Handmade White Chess Board Game","https://gdc-ms-se-poc-public.s3.amazonaws.com/AIDA5QKRHPNLYMZONKLG5_gdc-ms-se-poc_Demo28/images/panther_ecom/77.webp","Wayfair","Home Goods","https://gdc-ms-se-poc-public.s3.amazonaws.com/AIDA5QKRHPNLYMZONKLG5_gdc-ms-se-poc_Demo28/images/panther_ecom/77.webp","https://gdc-ms-se-poc-public.s3.amazonaws.com/AIDA5QKRHPNLYMZONKLG5_gdc-ms-se-poc_Demo28/images/panther_ecom/77.webp","4.80","merchant__clothing","5"
"77","Handmade White Chess Board Game","https://gdc-ms-se-poc-public.s3.amazonaws.com/AIDA5QKRHPNLYMZONKLG5_gdc-ms-se-poc_Demo28/images/panther_ecom/77.webp","Wayfair","Home Goods","https://gdc-ms-se-poc-public.s3.amazonaws.com/AIDA5QKRHPNLYMZONKLG5_gdc-ms-se-poc_Demo28/images/panther_ecom/77.webp","https://gdc-ms-se-poc-public.s3.amazonaws.com/AIDA5QKRHPNLYMZONKLG5_gdc-ms-se-poc_Demo28/images/panther_ecom/77.webp","4.80","merchant__bigboxretailer","5"
"78","SanDisk 128GB Ultra microSDXC UHS-I Memory Card with Adapter","https://gdc-ms-se-poc-public.s3.amazonaws.com/AIDA5QKRHPNLYMZONKLG5_gdc-ms-se-poc_Demo28/images/panther_ecom/78.jpg","SanDisk","Computers & Accessories","https://gdc-ms-se-poc-public.s3.amazonaws.com/AIDA5QKRHPNLYMZONKLG5_gdc-ms-se-poc_Demo28/images/panther_ecom/78.jpg","https://gdc-ms-se-poc-public.s3.amazonaws.com/AIDA5QKRHPNLYMZONKLG5_gdc-ms-se-poc_Demo28/images/panther_ecom/78.jpg","4.00","merchant__bigboxretailer","4"
"78","SanDisk 128GB Ultra microSDXC UHS-I Memory Card with Adapter","https://gdc-ms-se-poc-public.s3.amazonaws.com/AIDA5QKRHPNLYMZONKLG5_gdc-ms-se-poc_Demo28/images/panther_ecom/78.jpg","SanDisk","Computers & Accessories","https://gdc-ms-se-poc-public.s3.amazonaws.com/AIDA5QKRHPNLYMZONKLG5_gdc-ms-se-poc_Demo28/images/panther_ecom/78.jpg","https://gdc-ms-se-poc-public.s3.amazonaws.com/AIDA5QKRHPNLYMZONKLG5_gdc-ms-se-poc_Demo28/images/panther_ecom/78.jpg","4.00","merchant__electronics","4"
"79","Women's L.L.Bean Utility Parka","https://gdc-ms-se-poc-public.s3.amazonaws.com/AIDA5QKRHPNLYMZONKLG5_gdc-ms-se-poc_Demo28/images/panther_ecom/79.jpeg","L.L. Bean","Clothing","https://gdc-ms-se-poc-public.s3.amazonaws.com/AIDA5QKRHPNLYMZONKLG5_gdc-ms-se-poc_Demo28/images/panther_ecom/79.jpeg","https://gdc-ms-se-poc-public.s3.amazonaws.com/AIDA5QKRHPNLYMZONKLG5_gdc-ms-se-poc_Demo28/images/panther_ecom/79.jpeg","3.40","merchant__clothing","3"
"80","Kirkham Tufted Leather Stool","https://gdc-ms-se-poc-public.s3.amazonaws.com/AIDA5QKRHPNLYMZONKLG5_gdc-ms-se-poc_Demo28/images/panther_ecom/80.jpeg","Pottery Barn","Furniture","https://gdc-ms-se-poc-public.s3.amazonaws.com/AIDA5QKRHPNLYMZONKLG5_gdc-ms-se-poc_Demo28/images/panther_ecom/80.jpeg","https://gdc-ms-se-poc-public.s3.amazonaws.com/AIDA5QKRHPNLYMZONKLG5_gdc-ms-se-poc_Demo28/images/panther_ecom/80.jpeg","4.80","merchant__bigboxretailer","5"
"81","Outdoor Tech Buckshot Pro Bluetooth Speaker","https://gdc-ms-se-poc-public.s3.amazonaws.com/AIDA5QKRHPNLYMZONKLG5_gdc-ms-se-poc_Demo28/images/panther_ecom/81.jpeg","Outdoor Tech","Audio & Video Accessories","https://gdc-ms-se-poc-public.s3.amazonaws.com/AIDA5QKRHPNLYMZONKLG5_gdc-ms-se-poc_Demo28/images/panther_ecom/81.jpeg","https://gdc-ms-se-poc-public.s3.amazonaws.com/AIDA5QKRHPNLYMZONKLG5_gdc-ms-se-poc_Demo28/images/panther_ecom/81.jpeg","1.40","merchant__electronics","1"
"81","Outdoor Tech Buckshot Pro Bluetooth Speaker","https://gdc-ms-se-poc-public.s3.amazonaws.com/AIDA5QKRHPNLYMZONKLG5_gdc-ms-se-poc_Demo28/images/panther_ecom/81.jpeg","Outdoor Tech","Audio & Video Accessories","https://gdc-ms-se-poc-public.s3.amazonaws.com/AIDA5QKRHPNLYMZONKLG5_gdc-ms-se-poc_Demo28/images/panther_ecom/81.jpeg","https://gdc-ms-se-poc-public.s3.amazonaws.com/AIDA5QKRHPNLYMZONKLG5_gdc-ms-se-poc_Demo28/images/panther_ecom/81.jpeg","1.40","merchant__clothing","1"
"82","The Oversized Stroopwafel Turtleneck in ReCashmere","https://gdc-ms-se-poc-public.s3.amazonaws.com/AIDA5QKRHPNLYMZONKLG5_gdc-ms-se-poc_Demo28/images/panther_ecom/82.png","Everlabe","Clothing","https://gdc-ms-se-poc-public.s3.amazonaws.com/AIDA5QKRHPNLYMZONKLG5_gdc-ms-se-poc_Demo28/images/panther_ecom/82.png","https://gdc-ms-se-poc-public.s3.amazonaws.com/AIDA5QKRHPNLYMZONKLG5_gdc-ms-se-poc_Demo28/images/panther_ecom/82.png","4.00","merchant__clothing","4"
"83","NILSOLLE","https://gdc-ms-se-poc-public.s3.amazonaws.com/AIDA5QKRHPNLYMZONKLG5_gdc-ms-se-poc_Demo28/images/panther_ecom/83.png","IKEA","Furniture","https://gdc-ms-se-poc-public.s3.amazonaws.com/AIDA5QKRHPNLYMZONKLG5_gdc-ms-se-poc_Demo28/images/panther_ecom/83.png","https://gdc-ms-se-poc-public.s3.amazonaws.com/AIDA5QKRHPNLYMZONKLG5_gdc-ms-se-poc_Demo28/images/panther_ecom/83.png","4.50","merchant__bigboxretailer","5"
"84","SpeakerCraft - 6-1/2 In-Ceiling Speakers (5-Pack) - White","https://gdc-ms-se-poc-public.s3.amazonaws.com/AIDA5QKRHPNLYMZONKLG5_gdc-ms-se-poc_Demo28/images/panther_ecom/84.jpeg","SpeakerCraft","Audio & Video Accessories","https://gdc-ms-se-poc-public.s3.amazonaws.com/AIDA5QKRHPNLYMZONKLG5_gdc-ms-se-poc_Demo28/images/panther_ecom/84.jpeg","https://gdc-ms-se-poc-public.s3.amazonaws.com/AIDA5QKRHPNLYMZONKLG5_gdc-ms-se-poc_Demo28/images/panther_ecom/84.jpeg","4.10","merchant__electronics","4"
"84","SpeakerCraft - 6-1/2 In-Ceiling Speakers (5-Pack) - White","https://gdc-ms-se-poc-public.s3.amazonaws.com/AIDA5QKRHPNLYMZONKLG5_gdc-ms-se-poc_Demo28/images/panther_ecom/84.jpeg","SpeakerCraft","Audio & Video Accessories","https://gdc-ms-se-poc-public.s3.amazonaws.com/AIDA5QKRHPNLYMZONKLG5_gdc-ms-se-poc_Demo28/images/panther_ecom/84.jpeg","https://gdc-ms-se-poc-public.s3.amazonaws.com/AIDA5QKRHPNLYMZONKLG5_gdc-ms-se-poc_Demo28/images/panther_ecom/84.jpeg","4.10","merchant__clothing","4"
"85","Nike Sportswear Storm-FIT Legacy","https://gdc-ms-se-poc-public.s3.amazonaws.com/AIDA5QKRHPNLYMZONKLG5_gdc-ms-se-poc_Demo28/images/panther_ecom/85.png","Nike","Clothing","https://gdc-ms-se-poc-public.s3.amazonaws.com/AIDA5QKRHPNLYMZONKLG5_gdc-ms-se-poc_Demo28/images/panther_ecom/85.png","https://gdc-ms-se-poc-public.s3.amazonaws.com/AIDA5QKRHPNLYMZONKLG5_gdc-ms-se-poc_Demo28/images/panther_ecom/85.png","3.90","merchant__clothing","4"
"86","Made In Turkey Medallion Scatter Rug","https://gdc-ms-se-poc-public.s3.amazonaws.com/AIDA5QKRHPNLYMZONKLG5_gdc-ms-se-poc_Demo28/images/panther_ecom/86.jpeg","T.J.Maxx","Home Goods","https://gdc-ms-se-poc-public.s3.amazonaws.com/AIDA5QKRHPNLYMZONKLG5_gdc-ms-se-poc_Demo28/images/panther_ecom/86.jpeg","https://gdc-ms-se-poc-public.s3.amazonaws.com/AIDA5QKRHPNLYMZONKLG5_gdc-ms-se-poc_Demo28/images/panther_ecom/86.jpeg","4.60","merchant__clothing","5"
"86","Made In Turkey Medallion Scatter Rug","https://gdc-ms-se-poc-public.s3.amazonaws.com/AIDA5QKRHPNLYMZONKLG5_gdc-ms-se-poc_Demo28/images/panther_ecom/86.jpeg","T.J.Maxx","Home Goods","https://gdc-ms-se-poc-public.s3.amazonaws.com/AIDA5QKRHPNLYMZONKLG5_gdc-ms-se-poc_Demo28/images/panther_ecom/86.jpeg","https://gdc-ms-se-poc-public.s3.amazonaws.com/AIDA5QKRHPNLYMZONKLG5_gdc-ms-se-poc_Demo28/images/panther_ecom/86.jpeg","4.60","merchant__bigboxretailer","5"
"87","Jamo S 81 CEN Black","https://gdc-ms-se-poc-public.s3.amazonaws.com/AIDA5QKRHPNLYMZONKLG5_gdc-ms-se-poc_Demo28/images/panther_ecom/87.jpg","Jamo","Audio & Video Accessories","https://gdc-ms-se-poc-public.s3.amazonaws.com/AIDA5QKRHPNLYMZONKLG5_gdc-ms-se-poc_Demo28/images/panther_ecom/87.jpg","https://gdc-ms-se-poc-public.s3.amazonaws.com/AIDA5QKRHPNLYMZONKLG5_gdc-ms-se-poc_Demo28/images/panther_ecom/87.jpg","4.50","merchant__electronics","5"
"87","Jamo S 81 CEN Black","https://gdc-ms-se-poc-public.s3.amazonaws.com/AIDA5QKRHPNLYMZONKLG5_gdc-ms-se-poc_Demo28/images/panther_ecom/87.jpg","Jamo","Audio & Video Accessories","https://gdc-ms-se-poc-public.s3.amazonaws.com/AIDA5QKRHPNLYMZONKLG5_gdc-ms-se-poc_Demo28/images/panther_ecom/87.jpg","https://gdc-ms-se-poc-public.s3.amazonaws.com/AIDA5QKRHPNLYMZONKLG5_gdc-ms-se-poc_Demo28/images/panther_ecom/87.jpg","4.50","merchant__clothing","5"
"88","HYPERGLAM BOXY TEE","https://gdc-ms-se-poc-public.s3.amazonaws.com/AIDA5QKRHPNLYMZONKLG5_gdc-ms-se-poc_Demo28/images/panther_ecom/88.webp","Adidas","Clothing","https://gdc-ms-se-poc-public.s3.amazonaws.com/AIDA5QKRHPNLYMZONKLG5_gdc-ms-se-poc_Demo28/images/panther_ecom/88.webp","https://gdc-ms-se-poc-public.s3.amazonaws.com/AIDA5QKRHPNLYMZONKLG5_gdc-ms-se-poc_Demo28/images/panther_ecom/88.webp","4.20","merchant__clothing","4"
"89","Shakira Task Chair","https://gdc-ms-se-poc-public.s3.amazonaws.com/AIDA5QKRHPNLYMZONKLG5_gdc-ms-se-poc_Demo28/images/panther_ecom/89.webp","AllModern","Furniture","https://gdc-ms-se-poc-public.s3.amazonaws.com/AIDA5QKRHPNLYMZONKLG5_gdc-ms-se-poc_Demo28/images/panther_ecom/89.webp","https://gdc-ms-se-poc-public.s3.amazonaws.com/AIDA5QKRHPNLYMZONKLG5_gdc-ms-se-poc_Demo28/images/panther_ecom/89.webp","3.60","merchant__bigboxretailer","4"
"90","Panamax - 11-Outlet Surge Protector - Black","https://gdc-ms-se-poc-public.s3.amazonaws.com/AIDA5QKRHPNLYMZONKLG5_gdc-ms-se-poc_Demo28/images/panther_ecom/90.jpeg","Panamax","Audio & Video Accessories","https://gdc-ms-se-poc-public.s3.amazonaws.com/AIDA5QKRHPNLYMZONKLG5_gdc-ms-se-poc_Demo28/images/panther_ecom/90.jpeg","https://gdc-ms-se-poc-public.s3.amazonaws.com/AIDA5QKRHPNLYMZONKLG5_gdc-ms-se-poc_Demo28/images/panther_ecom/90.jpeg","3.50","merchant__electronics","4"
"90","Panamax - 11-Outlet Surge Protector - Black","https://gdc-ms-se-poc-public.s3.amazonaws.com/AIDA5QKRHPNLYMZONKLG5_gdc-ms-se-poc_Demo28/images/panther_ecom/90.jpeg","Panamax","Audio & Video Accessories","https://gdc-ms-se-poc-public.s3.amazonaws.com/AIDA5QKRHPNLYMZONKLG5_gdc-ms-se-poc_Demo28/images/panther_ecom/90.jpeg","https://gdc-ms-se-poc-public.s3.amazonaws.com/AIDA5QKRHPNLYMZONKLG5_gdc-ms-se-poc_Demo28/images/panther_ecom/90.jpeg","3.50","merchant__clothing","4"
"91","Men's Bugaboo II Fleece Interchange Jacket","https://gdc-ms-se-poc-public.s3.amazonaws.com/AIDA5QKRHPNLYMZONKLG5_gdc-ms-se-poc_Demo28/images/panther_ecom/91.webp","Columbia","Clothing","https://gdc-ms-se-poc-public.s3.amazonaws.com/AIDA5QKRHPNLYMZONKLG5_gdc-ms-se-poc_Demo28/images/panther_ecom/91.webp","https://gdc-ms-se-poc-public.s3.amazonaws.com/AIDA5QKRHPNLYMZONKLG5_gdc-ms-se-poc_Demo28/images/panther_ecom/91.webp","4.20","merchant__clothing","4"
"92","4' Resin Multi Purpose Table","https://gdc-ms-se-poc-public.s3.amazonaws.com/AIDA5QKRHPNLYMZONKLG5_gdc-ms-se-poc_Demo28/images/panther_ecom/92.webp","Wayfair","Furniture","https://gdc-ms-se-poc-public.s3.amazonaws.com/AIDA5QKRHPNLYMZONKLG5_gdc-ms-se-poc_Demo28/images/panther_ecom/92.webp","https://gdc-ms-se-poc-public.s3.amazonaws.com/AIDA5QKRHPNLYMZONKLG5_gdc-ms-se-poc_Demo28/images/panther_ecom/92.webp","4.20","merchant__bigboxretailer","4"
"93","Polk Audio T15 100 Watt Home Theater Bookshelf Speakers","https://gdc-ms-se-poc-public.s3.amazonaws.com/AIDA5QKRHPNLYMZONKLG5_gdc-ms-se-poc_Demo28/images/panther_ecom/93.jpg","Polk Audio","Audio & Video Accessories","https://gdc-ms-se-poc-public.s3.amazonaws.com/AIDA5QKRHPNLYMZONKLG5_gdc-ms-se-poc_Demo28/images/panther_ecom/93.jpg","https://gdc-ms-se-poc-public.s3.amazonaws.com/AIDA5QKRHPNLYMZONKLG5_gdc-ms-se-poc_Demo28/images/panther_ecom/93.jpg","4.60","merchant__electronics","5"
"93","Polk Audio T15 100 Watt Home Theater Bookshelf Speakers","https://gdc-ms-se-poc-public.s3.amazonaws.com/AIDA5QKRHPNLYMZONKLG5_gdc-ms-se-poc_Demo28/images/panther_ecom/93.jpg","Polk Audio","Audio & Video Accessories","https://gdc-ms-se-poc-public.s3.amazonaws.com/AIDA5QKRHPNLYMZONKLG5_gdc-ms-se-poc_Demo28/images/panther_ecom/93.jpg","https://gdc-ms-se-poc-public.s3.amazonaws.com/AIDA5QKRHPNLYMZONKLG5_gdc-ms-se-poc_Demo28/images/panther_ecom/93.jpg","4.60","merchant__clothing","5"
Goodbye!
