"PRODUCT_ID","LS__PRODUCT_ID__PRODUCT_NAME","LS__PRODUCT_ID__PRODUCT_ID_IMAGE_WEB","PRODUCT_BRAND","PRODUCT_CATEGORY","PRODUCT_IMAGE","LS__PRODUCT_IMAGE__PRODUCT_IMAGE_WEB","RATING","PRODUCT_RATING","WDF__PRODUCT_CATEGORY"
"P-Q1SE0JTB","20x20 Plaid Button Pillow","https://gdc-ms-se-poc-public.s3.amazonaws.com/AIDA5QKRHPNLYMZONKLG5_gdc-ms-se-poc_Demo28/images/panther_ecom/71.jpeg","T.J.Maxx","Home Goods","https://gdc-ms-se-poc-public.s3.amazonaws.com/AIDA5QKRHPNLYMZONKLG5_gdc-ms-se-poc_Demo28/images/panther_ecom/71.jpeg","https://gdc-ms-se-poc-public.s3.amazonaws.com/AIDA5QKRHPNLYMZONKLG5_gdc-ms-se-poc_Demo28/images/panther_ecom/71.jpeg","3.9","****","Home Goods"
"P-GK1K2NK8","23 inches Chess Table","https://gdc-ms-se-poc-public.s3.amazonaws.com/AIDA5QKRHPNLYMZONKLG5_gdc-ms-se-poc_Demo28/images/panther_ecom/2.webp","Wayfair","Furniture","https://gdc-ms-se-poc-public.s3.amazonaws.com/AIDA5QKRHPNLYMZONKLG5_gdc-ms-se-poc_Demo28/images/panther_ecom/2.webp","https://gdc-ms-se-poc-public.s3.amazonaws.com/AIDA5QKRHPNLYMZONKLG5_gdc-ms-se-poc_Demo28/images/panther_ecom/2.webp","2.6","***","Furniture"
"P-J7Z2EX8J","2TB Red 5400 rpm SATA III 3.5 Internal NAS HDD","https://gdc-ms-se-poc-public.s3.amazonaws.com/AIDA5QKRHPNLYMZONKLG5_gdc-ms-se-poc_Demo28/images/panther_ecom/42.png","WD","Computers & Accessories","https://gdc-ms-se-poc-public.s3.amazonaws.com/AIDA5QKRHPNLYMZONKLG5_gdc-ms-se-poc_Demo28/images/panther_ecom/42.png","https://gdc-ms-se-poc-public.s3.amazonaws.com/AIDA5QKRHPNLYMZONKLG5_gdc-ms-se-poc_Demo28/images/panther_ecom/42.png","3.9","****","Computers & Accessories"
"P-CA6LA28M","4' Resin Multi Purpose Table","https://gdc-ms-se-poc-public.s3.amazonaws.com/AIDA5QKRHPNLYMZONKLG5_gdc-ms-se-poc_Demo28/images/panther_ecom/92.webp","Wayfair","Furniture","https://gdc-ms-se-poc-public.s3.amazonaws.com/AIDA5QKRHPNLYMZONKLG5_gdc-ms-se-poc_Demo28/images/panther_ecom/92.webp","https://gdc-ms-se-poc-public.s3.amazonaws.com/AIDA5QKRHPNLYMZONKLG5_gdc-ms-se-poc_Demo28/images/panther_ecom/92.webp","1.4","*","Furniture"
"P-SUZ35X7W","5qt Gourmet Slow Cooker With All In One Browning","https://gdc-ms-se-poc-public.s3.amazonaws.com/AIDA5QKRHPNLYMZONKLG5_gdc-ms-se-poc_Demo28/images/panther_ecom/26.jpeg","T.J.Maxx","Home Goods","https://gdc-ms-se-poc-public.s3.amazonaws.com/AIDA5QKRHPNLYMZONKLG5_gdc-ms-se-poc_Demo28/images/panther_ecom/26.jpeg","https://gdc-ms-se-poc-public.s3.amazonaws.com/AIDA5QKRHPNLYMZONKLG5_gdc-ms-se-poc_Demo28/images/panther_ecom/26.jpeg","3.9","****","Home Goods"
"P-FRJGV0EQ","ALSEDA","https://gdc-ms-se-poc-public.s3.amazonaws.com/AIDA5QKRHPNLYMZONKLG5_gdc-ms-se-poc_Demo28/images/panther_ecom/23.png","IKEA","Furniture","https://gdc-ms-se-poc-public.s3.amazonaws.com/AIDA5QKRHPNLYMZONKLG5_gdc-ms-se-poc_Demo28/images/panther_ecom/23.png","https://gdc-ms-se-poc-public.s3.amazonaws.com/AIDA5QKRHPNLYMZONKLG5_gdc-ms-se-poc_Demo28/images/panther_ecom/23.png","3.8","****","Furniture"
"P-B1M0SSDH","Acoustimass 6 Series V Home Theater Speaker System (Black)","https://gdc-ms-se-poc-public.s3.amazonaws.com/AIDA5QKRHPNLYMZONKLG5_gdc-ms-se-poc_Demo28/images/panther_ecom/48.jpeg","Corsair","Audio & Video Accessories","https://gdc-ms-se-poc-public.s3.amazonaws.com/AIDA5QKRHPNLYMZONKLG5_gdc-ms-se-poc_Demo28/images/panther_ecom/48.jpeg","https://gdc-ms-se-poc-public.s3.amazonaws.com/AIDA5QKRHPNLYMZONKLG5_gdc-ms-se-poc_Demo28/images/panther_ecom/48.jpeg","3.4","***","Audio & Video Accessories"
"P-O8QG4R0Q","Air-Fi Runaway AF32 Stereo Bluetooth Wireless Headphones (Black and Red)","https://gdc-ms-se-poc-public.s3.amazonaws.com/AIDA5QKRHPNLYMZONKLG5_gdc-ms-se-poc_Demo28/images/panther_ecom/18.jpeg","MEE audio","Audio & Video Accessories","https://gdc-ms-se-poc-public.s3.amazonaws.com/AIDA5QKRHPNLYMZONKLG5_gdc-ms-se-poc_Demo28/images/panther_ecom/18.jpeg","https://gdc-ms-se-poc-public.s3.amazonaws.com/AIDA5QKRHPNLYMZONKLG5_gdc-ms-se-poc_Demo28/images/panther_ecom/18.jpeg","3.6","****","Audio & Video Accessories"
"P-K3MNXYJP","Alpine 480w 6.5 2way Typee Coaxial Car Speakers W/ Silk Tweeters","https://gdc-ms-se-poc-public.s3.amazonaws.com/AIDA5QKRHPNLYMZONKLG5_gdc-ms-se-poc_Demo28/images/panther_ecom/15.jpeg","Alpine","Audio & Video Accessories","https://gdc-ms-se-poc-public.s3.amazonaws.com/AIDA5QKRHPNLYMZONKLG5_gdc-ms-se-poc_Demo28/images/panther_ecom/15.jpeg","https://gdc-ms-se-poc-public.s3.amazonaws.com/AIDA5QKRHPNLYMZONKLG5_gdc-ms-se-poc_Demo28/images/panther_ecom/15.jpeg","4.7","*****","Audio & Video Accessories"
"P-NLQEVLSE","Angel Square Tufted Linen Ottoman","https://gdc-ms-se-poc-public.s3.amazonaws.com/AIDA5QKRHPNLYMZONKLG5_gdc-ms-se-poc_Demo28/images/panther_ecom/56.jpeg","T.J.Maxx","Furniture","https://gdc-ms-se-poc-public.s3.amazonaws.com/AIDA5QKRHPNLYMZONKLG5_gdc-ms-se-poc_Demo28/images/panther_ecom/56.jpeg","https://gdc-ms-se-poc-public.s3.amazonaws.com/AIDA5QKRHPNLYMZONKLG5_gdc-ms-se-poc_Demo28/images/panther_ecom/56.jpeg","2.9","***","Furniture"
"P-1EQN9HY7","Apple - Pre-Owned iPad 3 - 64GB - Black","https://gdc-ms-se-poc-public.s3.amazonaws.com/AIDA5QKRHPNLYMZONKLG5_gdc-ms-se-poc_Demo28/images/panther_ecom/39.jpeg","Apple","Computers & Accessories","https://gdc-ms-se-poc-public.s3.amazonaws.com/AIDA5QKRHPNLYMZONKLG5_gdc-ms-se-poc_Demo28/images/panther_ecom/39.jpeg","https://gdc-ms-se-poc-public.s3.amazonaws.com/AIDA5QKRHPNLYMZONKLG5_gdc-ms-se-poc_Demo28/images/panther_ecom/39.jpeg","2.4","**","Computers & Accessories"
"P-8PDNMXU5","Breshay 8 Drawer Rolling Storage Chest","https://gdc-ms-se-poc-public.s3.amazonaws.com/AIDA5QKRHPNLYMZONKLG5_gdc-ms-se-poc_Demo28/images/panther_ecom/32.webp","Wayfair","Furniture","https://gdc-ms-se-poc-public.s3.amazonaws.com/AIDA5QKRHPNLYMZONKLG5_gdc-ms-se-poc_Demo28/images/panther_ecom/32.webp","https://gdc-ms-se-poc-public.s3.amazonaws.com/AIDA5QKRHPNLYMZONKLG5_gdc-ms-se-poc_Demo28/images/panther_ecom/32.webp","2.6","***","Furniture"
"P-LDPRP77V","CORSAIR VENGEANCE RGB 16GB (2x8GB) DDR4 3200MHz C16 Desktop Memory - Black","https://gdc-ms-se-poc-public.s3.amazonaws.com/AIDA5QKRHPNLYMZONKLG5_gdc-ms-se-poc_Demo28/images/panther_ecom/27.png","Corsair","Computers & Accessories","https://gdc-ms-se-poc-public.s3.amazonaws.com/AIDA5QKRHPNLYMZONKLG5_gdc-ms-se-poc_Demo28/images/panther_ecom/27.png","https://gdc-ms-se-poc-public.s3.amazonaws.com/AIDA5QKRHPNLYMZONKLG5_gdc-ms-se-poc_Demo28/images/panther_ecom/27.png","4.3","****","Computers & Accessories"
"P-EUHY1EFW","Calvin Klein Solid 3-in-1 Parka Jacket","https://gdc-ms-se-poc-public.s3.amazonaws.com/AIDA5QKRHPNLYMZONKLG5_gdc-ms-se-poc_Demo28/images/panther_ecom/58.jpeg","Calvin Klein","Clothing","https://gdc-ms-se-poc-public.s3.amazonaws.com/AIDA5QKRHPNLYMZONKLG5_gdc-ms-se-poc_Demo28/images/panther_ecom/58.jpeg","https://gdc-ms-se-poc-public.s3.amazonaws.com/AIDA5QKRHPNLYMZONKLG5_gdc-ms-se-poc_Demo28/images/panther_ecom/58.jpeg","2.4","**","Clothing"
"P-YRENW3K6","Corsair Apple 8 GB Dual Channel Kit","https://gdc-ms-se-poc-public.s3.amazonaws.com/AIDA5QKRHPNLYMZONKLG5_gdc-ms-se-poc_Demo28/images/panther_ecom/66.jpg","Corsair","Computers & Accessories","https://gdc-ms-se-poc-public.s3.amazonaws.com/AIDA5QKRHPNLYMZONKLG5_gdc-ms-se-poc_Demo28/images/panther_ecom/66.jpg","https://gdc-ms-se-poc-public.s3.amazonaws.com/AIDA5QKRHPNLYMZONKLG5_gdc-ms-se-poc_Demo28/images/panther_ecom/66.jpg","4.6","*****","Computers & Accessories"
"P-1BDW9KUY","Corsair Vengeance LPX 16GB (2x8GB) 3000MHz C15 Desktop Memory Kit - Black","https://gdc-ms-se-poc-public.s3.amazonaws.com/AIDA5QKRHPNLYMZONKLG5_gdc-ms-se-poc_Demo28/images/panther_ecom/9.jpeg","Corsair","Computers & Accessories","https://gdc-ms-se-poc-public.s3.amazonaws.com/AIDA5QKRHPNLYMZONKLG5_gdc-ms-se-poc_Demo28/images/panther_ecom/9.jpeg","https://gdc-ms-se-poc-public.s3.amazonaws.com/AIDA5QKRHPNLYMZONKLG5_gdc-ms-se-poc_Demo28/images/panther_ecom/9.jpeg","4.5","****","Computers & Accessories"
"P-7VP9BGIN","DENAQ - AC Adapter for TOSHIBA SATELLITE - Black","https://gdc-ms-se-poc-public.s3.amazonaws.com/AIDA5QKRHPNLYMZONKLG5_gdc-ms-se-poc_Demo28/images/panther_ecom/3.jpeg","DENAQ","Computers & Accessories","https://gdc-ms-se-poc-public.s3.amazonaws.com/AIDA5QKRHPNLYMZONKLG5_gdc-ms-se-poc_Demo28/images/panther_ecom/3.jpeg","https://gdc-ms-se-poc-public.s3.amazonaws.com/AIDA5QKRHPNLYMZONKLG5_gdc-ms-se-poc_Demo28/images/panther_ecom/3.jpeg","3.7","****","Computers & Accessories"
"P-F72LJL2C","DESIGNED FOR GAMEDAY FULL-ZIP JACKET","https://gdc-ms-se-poc-public.s3.amazonaws.com/AIDA5QKRHPNLYMZONKLG5_gdc-ms-se-poc_Demo28/images/panther_ecom/13.webp","Adidas","Clothing","https://gdc-ms-se-poc-public.s3.amazonaws.com/AIDA5QKRHPNLYMZONKLG5_gdc-ms-se-poc_Demo28/images/panther_ecom/13.webp","https://gdc-ms-se-poc-public.s3.amazonaws.com/AIDA5QKRHPNLYMZONKLG5_gdc-ms-se-poc_Demo28/images/panther_ecom/13.webp","1.6","**","Clothing"
"P-9IQDJPW2","EKEDALEN","https://gdc-ms-se-poc-public.s3.amazonaws.com/AIDA5QKRHPNLYMZONKLG5_gdc-ms-se-poc_Demo28/images/panther_ecom/53.png","IKEA","Furniture","https://gdc-ms-se-poc-public.s3.amazonaws.com/AIDA5QKRHPNLYMZONKLG5_gdc-ms-se-poc_Demo28/images/panther_ecom/53.png","https://gdc-ms-se-poc-public.s3.amazonaws.com/AIDA5QKRHPNLYMZONKLG5_gdc-ms-se-poc_Demo28/images/panther_ecom/53.png","4.7","*****","Furniture"
"P-6Q263243","EKOLSUND","https://gdc-ms-se-poc-public.s3.amazonaws.com/AIDA5QKRHPNLYMZONKLG5_gdc-ms-se-poc_Demo28/images/panther_ecom/68.png","IKEA","Furniture","https://gdc-ms-se-poc-public.s3.amazonaws.com/AIDA5QKRHPNLYMZONKLG5_gdc-ms-se-poc_Demo28/images/panther_ecom/68.png","https://gdc-ms-se-poc-public.s3.amazonaws.com/AIDA5QKRHPNLYMZONKLG5_gdc-ms-se-poc_Demo28/images/panther_ecom/68.png","2.0","**","Furniture"
"P-8DHFY8A8","ESSENTIALS 3-STRIPES TAPERED PANTS","https://gdc-ms-se-poc-public.s3.amazonaws.com/AIDA5QKRHPNLYMZONKLG5_gdc-ms-se-poc_Demo28/images/panther_ecom/73.png","Adidas","Clothing","https://gdc-ms-se-poc-public.s3.amazonaws.com/AIDA5QKRHPNLYMZONKLG5_gdc-ms-se-poc_Demo28/images/panther_ecom/73.png","https://gdc-ms-se-poc-public.s3.amazonaws.com/AIDA5QKRHPNLYMZONKLG5_gdc-ms-se-poc_Demo28/images/panther_ecom/73.png","4.7","*****","Clothing"
"P-YSRD3RFN","FANBYN","https://gdc-ms-se-poc-public.s3.amazonaws.com/AIDA5QKRHPNLYMZONKLG5_gdc-ms-se-poc_Demo28/images/panther_ecom/8.png","IKEA","Furniture","https://gdc-ms-se-poc-public.s3.amazonaws.com/AIDA5QKRHPNLYMZONKLG5_gdc-ms-se-poc_Demo28/images/panther_ecom/8.png","https://gdc-ms-se-poc-public.s3.amazonaws.com/AIDA5QKRHPNLYMZONKLG5_gdc-ms-se-poc_Demo28/images/panther_ecom/8.png","3.6","****","Furniture"
"P-RPCRM8LD","Flipside 300 Backpack (Black)","https://gdc-ms-se-poc-public.s3.amazonaws.com/AIDA5QKRHPNLYMZONKLG5_gdc-ms-se-poc_Demo28/images/panther_ecom/30.jpeg","Lowepro","Clothing","https://gdc-ms-se-poc-public.s3.amazonaws.com/AIDA5QKRHPNLYMZONKLG5_gdc-ms-se-poc_Demo28/images/panther_ecom/30.jpeg","https://gdc-ms-se-poc-public.s3.amazonaws.com/AIDA5QKRHPNLYMZONKLG5_gdc-ms-se-poc_Demo28/images/panther_ecom/30.jpeg","3.3","***","Clothing"
"P-9LJ8LJXI","Glam Distressed Accent Mirror","https://gdc-ms-se-poc-public.s3.amazonaws.com/AIDA5QKRHPNLYMZONKLG5_gdc-ms-se-poc_Demo28/images/panther_ecom/47.png","Wayfair","Home Goods","https://gdc-ms-se-poc-public.s3.amazonaws.com/AIDA5QKRHPNLYMZONKLG5_gdc-ms-se-poc_Demo28/images/panther_ecom/47.png","https://gdc-ms-se-poc-public.s3.amazonaws.com/AIDA5QKRHPNLYMZONKLG5_gdc-ms-se-poc_Demo28/images/panther_ecom/47.png","1.5","**","Home Goods"
"P-GKOCRERP","HYPERGLAM BOXY TEE","https://gdc-ms-se-poc-public.s3.amazonaws.com/AIDA5QKRHPNLYMZONKLG5_gdc-ms-se-poc_Demo28/images/panther_ecom/88.webp","Adidas","Clothing","https://gdc-ms-se-poc-public.s3.amazonaws.com/AIDA5QKRHPNLYMZONKLG5_gdc-ms-se-poc_Demo28/images/panther_ecom/88.webp","https://gdc-ms-se-poc-public.s3.amazonaws.com/AIDA5QKRHPNLYMZONKLG5_gdc-ms-se-poc_Demo28/images/panther_ecom/88.webp","1.9","**","Clothing"
"P-R08BRST5","Handmade White Chess Board Game","https://gdc-ms-se-poc-public.s3.amazonaws.com/AIDA5QKRHPNLYMZONKLG5_gdc-ms-se-poc_Demo28/images/panther_ecom/77.webp","Wayfair","Home Goods","https://gdc-ms-se-poc-public.s3.amazonaws.com/AIDA5QKRHPNLYMZONKLG5_gdc-ms-se-poc_Demo28/images/panther_ecom/77.webp","https://gdc-ms-se-poc-public.s3.amazonaws.com/AIDA5QKRHPNLYMZONKLG5_gdc-ms-se-poc_Demo28/images/panther_ecom/77.webp","2.1","**","Home Goods"
"P-MUOEMX4R","Herschel Little America Laptop Backpack - Black/Tan Synthetic Leather - Classic 25.0L","https://gdc-ms-se-poc-public.s3.amazonaws.com/AIDA5QKRHPNLYMZONKLG5_gdc-ms-se-poc_Demo28/images/panther_ecom/69.jpg","Herschel","Clothing","https://gdc-ms-se-poc-public.s3.amazonaws.com/AIDA5QKRHPNLYMZONKLG5_gdc-ms-se-poc_Demo28/images/panther_ecom/69.jpg","https://gdc-ms-se-poc-public.s3.amazonaws.com/AIDA5QKRHPNLYMZONKLG5_gdc-ms-se-poc_Demo28/images/panther_ecom/69.jpg","4.3","****","Clothing"
"P-YC1MRRBK","Jamo S 803 Black - Pair","https://gdc-ms-se-poc-public.s3.amazonaws.com/AIDA5QKRHPNLYMZONKLG5_gdc-ms-se-poc_Demo28/images/panther_ecom/63.jpg","Jamo","Audio & Video Accessories","https://gdc-ms-se-poc-public.s3.amazonaws.com/AIDA5QKRHPNLYMZONKLG5_gdc-ms-se-poc_Demo28/images/panther_ecom/63.jpg","https://gdc-ms-se-poc-public.s3.amazonaws.com/AIDA5QKRHPNLYMZONKLG5_gdc-ms-se-poc_Demo28/images/panther_ecom/63.jpg","4.7","*****","Audio & Video Accessories"
"P-O18FAMWA","Jamo S 81 CEN Black","https://gdc-ms-se-poc-public.s3.amazonaws.com/AIDA5QKRHPNLYMZONKLG5_gdc-ms-se-poc_Demo28/images/panther_ecom/87.jpg","Jamo","Audio & Video Accessories","https://gdc-ms-se-poc-public.s3.amazonaws.com/AIDA5QKRHPNLYMZONKLG5_gdc-ms-se-poc_Demo28/images/panther_ecom/87.jpg","https://gdc-ms-se-poc-public.s3.amazonaws.com/AIDA5QKRHPNLYMZONKLG5_gdc-ms-se-poc_Demo28/images/panther_ecom/87.jpg","1.0","*","Audio & Video Accessories"
"P-VN0TD1IK","Josephine 1 Drawer Nightstand","https://gdc-ms-se-poc-public.s3.amazonaws.com/AIDA5QKRHPNLYMZONKLG5_gdc-ms-se-poc_Demo28/images/panther_ecom/14.webp","AllModern","Furniture","https://gdc-ms-se-poc-public.s3.amazonaws.com/AIDA5QKRHPNLYMZONKLG5_gdc-ms-se-poc_Demo28/images/panther_ecom/14.webp","https://gdc-ms-se-poc-public.s3.amazonaws.com/AIDA5QKRHPNLYMZONKLG5_gdc-ms-se-poc_Demo28/images/panther_ecom/14.webp","2.7","***","Furniture"
"P-Q1X1RP1Z","Kenwood KFC-1653MRW 6.5 2-way Marine Speakers Pair (White)","https://gdc-ms-se-poc-public.s3.amazonaws.com/AIDA5QKRHPNLYMZONKLG5_gdc-ms-se-poc_Demo28/images/panther_ecom/21.jpeg","Kenwood","Audio & Video Accessories","https://gdc-ms-se-poc-public.s3.amazonaws.com/AIDA5QKRHPNLYMZONKLG5_gdc-ms-se-poc_Demo28/images/panther_ecom/21.jpeg","https://gdc-ms-se-poc-public.s3.amazonaws.com/AIDA5QKRHPNLYMZONKLG5_gdc-ms-se-poc_Demo28/images/panther_ecom/21.jpeg","2.3","**","Audio & Video Accessories"
"P-T3C56OVK","Kirkham Tufted Leather Stool","https://gdc-ms-se-poc-public.s3.amazonaws.com/AIDA5QKRHPNLYMZONKLG5_gdc-ms-se-poc_Demo28/images/panther_ecom/80.jpeg","Pottery Barn","Furniture","https://gdc-ms-se-poc-public.s3.amazonaws.com/AIDA5QKRHPNLYMZONKLG5_gdc-ms-se-poc_Demo28/images/panther_ecom/80.jpeg","https://gdc-ms-se-poc-public.s3.amazonaws.com/AIDA5QKRHPNLYMZONKLG5_gdc-ms-se-poc_Demo28/images/panther_ecom/80.jpeg","1.2","*","Furniture"
"P-G1IT20AC","Made In Turkey Medallion Scatter Rug","https://gdc-ms-se-poc-public.s3.amazonaws.com/AIDA5QKRHPNLYMZONKLG5_gdc-ms-se-poc_Demo28/images/panther_ecom/86.jpeg","T.J.Maxx","Home Goods","https://gdc-ms-se-poc-public.s3.amazonaws.com/AIDA5QKRHPNLYMZONKLG5_gdc-ms-se-poc_Demo28/images/panther_ecom/86.jpeg","https://gdc-ms-se-poc-public.s3.amazonaws.com/AIDA5QKRHPNLYMZONKLG5_gdc-ms-se-poc_Demo28/images/panther_ecom/86.jpeg","1.6","**","Home Goods"
"P-OEJYHGYE","Mateo 36 Console Tablet","https://gdc-ms-se-poc-public.s3.amazonaws.com/AIDA5QKRHPNLYMZONKLG5_gdc-ms-se-poc_Demo28/images/panther_ecom/50.jpeg","Pottery Barn","Furniture","https://gdc-ms-se-poc-public.s3.amazonaws.com/AIDA5QKRHPNLYMZONKLG5_gdc-ms-se-poc_Demo28/images/panther_ecom/50.jpeg","https://gdc-ms-se-poc-public.s3.amazonaws.com/AIDA5QKRHPNLYMZONKLG5_gdc-ms-se-poc_Demo28/images/panther_ecom/50.jpeg","1.9","**","Furniture"
"P-SOR5SMIS","Maze Tall White Geometric Bookcase","https://gdc-ms-se-poc-public.s3.amazonaws.com/AIDA5QKRHPNLYMZONKLG5_gdc-ms-se-poc_Demo28/images/panther_ecom/29.jpeg","Crates & Kids","Furniture","https://gdc-ms-se-poc-public.s3.amazonaws.com/AIDA5QKRHPNLYMZONKLG5_gdc-ms-se-poc_Demo28/images/panther_ecom/29.jpeg","https://gdc-ms-se-poc-public.s3.amazonaws.com/AIDA5QKRHPNLYMZONKLG5_gdc-ms-se-poc_Demo28/images/panther_ecom/29.jpeg","3.9","****","Furniture"
"P-AD7PM1Y1","Melange Sherpa Comforter Set","https://gdc-ms-se-poc-public.s3.amazonaws.com/AIDA5QKRHPNLYMZONKLG5_gdc-ms-se-poc_Demo28/images/panther_ecom/11.jpeg","T.J.Maxx","Furniture","https://gdc-ms-se-poc-public.s3.amazonaws.com/AIDA5QKRHPNLYMZONKLG5_gdc-ms-se-poc_Demo28/images/panther_ecom/11.jpeg","https://gdc-ms-se-poc-public.s3.amazonaws.com/AIDA5QKRHPNLYMZONKLG5_gdc-ms-se-poc_Demo28/images/panther_ecom/11.jpeg","3.2","***","Furniture"
"P-5H882OOD","Men's Autumn And Winter Outdoor Retro Plaid Lining Design Jacket","https://gdc-ms-se-poc-public.s3.amazonaws.com/AIDA5QKRHPNLYMZONKLG5_gdc-ms-se-poc_Demo28/images/panther_ecom/49.webp","Wayrates","Clothing","https://gdc-ms-se-poc-public.s3.amazonaws.com/AIDA5QKRHPNLYMZONKLG5_gdc-ms-se-poc_Demo28/images/panther_ecom/49.webp","https://gdc-ms-se-poc-public.s3.amazonaws.com/AIDA5QKRHPNLYMZONKLG5_gdc-ms-se-poc_Demo28/images/panther_ecom/49.webp","3.3","***","Clothing"
"P-GSFQSSIZ","Men's Bugaboo II Fleece Interchange Jacket","https://gdc-ms-se-poc-public.s3.amazonaws.com/AIDA5QKRHPNLYMZONKLG5_gdc-ms-se-poc_Demo28/images/panther_ecom/91.webp","Columbia","Clothing","https://gdc-ms-se-poc-public.s3.amazonaws.com/AIDA5QKRHPNLYMZONKLG5_gdc-ms-se-poc_Demo28/images/panther_ecom/91.webp","https://gdc-ms-se-poc-public.s3.amazonaws.com/AIDA5QKRHPNLYMZONKLG5_gdc-ms-se-poc_Demo28/images/panther_ecom/91.webp","2.7","***","Clothing"
"P-J35F6GFF","Men's Double L Jeans - Classic Fit","https://gdc-ms-se-poc-public.s3.amazonaws.com/AIDA5QKRHPNLYMZONKLG5_gdc-ms-se-poc_Demo28/images/panther_ecom/19.jpeg","L.L. Bean","Clothing","https://gdc-ms-se-poc-public.s3.amazonaws.com/AIDA5QKRHPNLYMZONKLG5_gdc-ms-se-poc_Demo28/images/panther_ecom/19.jpeg","https://gdc-ms-se-poc-public.s3.amazonaws.com/AIDA5QKRHPNLYMZONKLG5_gdc-ms-se-poc_Demo28/images/panther_ecom/19.jpeg","1.4","*","Clothing"
"P-CT5IQJWP","Men's Lightweight All-Wear Hemp Volley Pants","https://gdc-ms-se-poc-public.s3.amazonaws.com/AIDA5QKRHPNLYMZONKLG5_gdc-ms-se-poc_Demo28/images/panther_ecom/22.webp","Patagonia","Clothing","https://gdc-ms-se-poc-public.s3.amazonaws.com/AIDA5QKRHPNLYMZONKLG5_gdc-ms-se-poc_Demo28/images/panther_ecom/22.webp","https://gdc-ms-se-poc-public.s3.amazonaws.com/AIDA5QKRHPNLYMZONKLG5_gdc-ms-se-poc_Demo28/images/panther_ecom/22.webp","1.1","*","Clothing"
"P-QRAMU6SV","Men's Retro Pile Fleece Jacket","https://gdc-ms-se-poc-public.s3.amazonaws.com/AIDA5QKRHPNLYMZONKLG5_gdc-ms-se-poc_Demo28/images/panther_ecom/37.webp","Patagonia","Clothing","https://gdc-ms-se-poc-public.s3.amazonaws.com/AIDA5QKRHPNLYMZONKLG5_gdc-ms-se-poc_Demo28/images/panther_ecom/37.webp","https://gdc-ms-se-poc-public.s3.amazonaws.com/AIDA5QKRHPNLYMZONKLG5_gdc-ms-se-poc_Demo28/images/panther_ecom/37.webp","2.0","**","Clothing"
"P-DZ4UHIKM","Men's Terrebonne Joggers","https://gdc-ms-se-poc-public.s3.amazonaws.com/AIDA5QKRHPNLYMZONKLG5_gdc-ms-se-poc_Demo28/images/panther_ecom/7.webp","Patagonia","Clothing","https://gdc-ms-se-poc-public.s3.amazonaws.com/AIDA5QKRHPNLYMZONKLG5_gdc-ms-se-poc_Demo28/images/panther_ecom/7.webp","https://gdc-ms-se-poc-public.s3.amazonaws.com/AIDA5QKRHPNLYMZONKLG5_gdc-ms-se-poc_Demo28/images/panther_ecom/7.webp","4.9","*****","Clothing"
"P-GXVAKC36","Men's Watertight II Jacket","https://gdc-ms-se-poc-public.s3.amazonaws.com/AIDA5QKRHPNLYMZONKLG5_gdc-ms-se-poc_Demo28/images/panther_ecom/61.webp","Columbia","Clothing","https://gdc-ms-se-poc-public.s3.amazonaws.com/AIDA5QKRHPNLYMZONKLG5_gdc-ms-se-poc_Demo28/images/panther_ecom/61.webp","https://gdc-ms-se-poc-public.s3.amazonaws.com/AIDA5QKRHPNLYMZONKLG5_gdc-ms-se-poc_Demo28/images/panther_ecom/61.webp","4.9","*****","Clothing"
"P-K52WD4BA","Men's Wool Blend Diamond Quilt Henley","https://gdc-ms-se-poc-public.s3.amazonaws.com/AIDA5QKRHPNLYMZONKLG5_gdc-ms-se-poc_Demo28/images/panther_ecom/52.png","Patagonia","Clothing","https://gdc-ms-se-poc-public.s3.amazonaws.com/AIDA5QKRHPNLYMZONKLG5_gdc-ms-se-poc_Demo28/images/panther_ecom/52.png","https://gdc-ms-se-poc-public.s3.amazonaws.com/AIDA5QKRHPNLYMZONKLG5_gdc-ms-se-poc_Demo28/images/panther_ecom/52.png","2.8","***","Clothing"
"P-LG6HVU8X","Menlo 49 x 67 Reclaimed Teak Storage Cabinet","https://gdc-ms-se-poc-public.s3.amazonaws.com/AIDA5QKRHPNLYMZONKLG5_gdc-ms-se-poc_Demo28/images/panther_ecom/20.jpeg","Pottery Barn","Furniture","https://gdc-ms-se-poc-public.s3.amazonaws.com/AIDA5QKRHPNLYMZONKLG5_gdc-ms-se-poc_Demo28/images/panther_ecom/20.jpeg","https://gdc-ms-se-poc-public.s3.amazonaws.com/AIDA5QKRHPNLYMZONKLG5_gdc-ms-se-poc_Demo28/images/panther_ecom/20.jpeg","2.0","**","Furniture"
"P-74XREH0Z","Motorola Wi-Fi Pet Video Camera","https://gdc-ms-se-poc-public.s3.amazonaws.com/AIDA5QKRHPNLYMZONKLG5_gdc-ms-se-poc_Demo28/images/panther_ecom/45.jpeg","Motorola","Audio & Video Accessories","https://gdc-ms-se-poc-public.s3.amazonaws.com/AIDA5QKRHPNLYMZONKLG5_gdc-ms-se-poc_Demo28/images/panther_ecom/45.jpeg","https://gdc-ms-se-poc-public.s3.amazonaws.com/AIDA5QKRHPNLYMZONKLG5_gdc-ms-se-poc_Demo28/images/panther_ecom/45.jpeg","1.2","*","Audio & Video Accessories"
"P-OS1QPR12","NILSOLLE","https://gdc-ms-se-poc-public.s3.amazonaws.com/AIDA5QKRHPNLYMZONKLG5_gdc-ms-se-poc_Demo28/images/panther_ecom/83.png","IKEA","Furniture","https://gdc-ms-se-poc-public.s3.amazonaws.com/AIDA5QKRHPNLYMZONKLG5_gdc-ms-se-poc_Demo28/images/panther_ecom/83.png","https://gdc-ms-se-poc-public.s3.amazonaws.com/AIDA5QKRHPNLYMZONKLG5_gdc-ms-se-poc_Demo28/images/panther_ecom/83.png","1.0","*","Furniture"
"P-G6WRY6RD","NS-SP1800BL 5.1-Channel Home Theater System (Black)","https://gdc-ms-se-poc-public.s3.amazonaws.com/AIDA5QKRHPNLYMZONKLG5_gdc-ms-se-poc_Demo28/images/panther_ecom/75.jpeg","Yamaha","Audio & Video Accessories","https://gdc-ms-se-poc-public.s3.amazonaws.com/AIDA5QKRHPNLYMZONKLG5_gdc-ms-se-poc_Demo28/images/panther_ecom/75.jpeg","https://gdc-ms-se-poc-public.s3.amazonaws.com/AIDA5QKRHPNLYMZONKLG5_gdc-ms-se-poc_Demo28/images/panther_ecom/75.jpeg","5.0","*****","Audio & Video Accessories"
"P-WDXJRJLC","Nike NBA Swingman Jersey Lakers Icon Edition 2020","https://gdc-ms-se-poc-public.s3.amazonaws.com/AIDA5QKRHPNLYMZONKLG5_gdc-ms-se-poc_Demo28/images/panther_ecom/70.webp","Nike","Clothing","https://gdc-ms-se-poc-public.s3.amazonaws.com/AIDA5QKRHPNLYMZONKLG5_gdc-ms-se-poc_Demo28/images/panther_ecom/70.webp","https://gdc-ms-se-poc-public.s3.amazonaws.com/AIDA5QKRHPNLYMZONKLG5_gdc-ms-se-poc_Demo28/images/panther_ecom/70.webp","3.2","***","Clothing"
"P-6PWP9VP1","Nike Sportswear Icon Clash","https://gdc-ms-se-poc-public.s3.amazonaws.com/AIDA5QKRHPNLYMZONKLG5_gdc-ms-se-poc_Demo28/images/panther_ecom/40.png","Nike","Clothing","https://gdc-ms-se-poc-public.s3.amazonaws.com/AIDA5QKRHPNLYMZONKLG5_gdc-ms-se-poc_Demo28/images/panther_ecom/40.png","https://gdc-ms-se-poc-public.s3.amazonaws.com/AIDA5QKRHPNLYMZONKLG5_gdc-ms-se-poc_Demo28/images/panther_ecom/40.png","1.9","**","Clothing"
"P-2NLD77B8","Nike Sportswear Storm-FIT Legacy","https://gdc-ms-se-poc-public.s3.amazonaws.com/AIDA5QKRHPNLYMZONKLG5_gdc-ms-se-poc_Demo28/images/panther_ecom/85.png","Nike","Clothing","https://gdc-ms-se-poc-public.s3.amazonaws.com/AIDA5QKRHPNLYMZONKLG5_gdc-ms-se-poc_Demo28/images/panther_ecom/85.png","https://gdc-ms-se-poc-public.s3.amazonaws.com/AIDA5QKRHPNLYMZONKLG5_gdc-ms-se-poc_Demo28/images/panther_ecom/85.png","2.1","**","Clothing"
"P-UML98LBP","Nike Sportswear Swoosh","https://gdc-ms-se-poc-public.s3.amazonaws.com/AIDA5QKRHPNLYMZONKLG5_gdc-ms-se-poc_Demo28/images/panther_ecom/10.webp","Nike","Clothing","https://gdc-ms-se-poc-public.s3.amazonaws.com/AIDA5QKRHPNLYMZONKLG5_gdc-ms-se-poc_Demo28/images/panther_ecom/10.webp","https://gdc-ms-se-poc-public.s3.amazonaws.com/AIDA5QKRHPNLYMZONKLG5_gdc-ms-se-poc_Demo28/images/panther_ecom/10.webp","3.0","***","Clothing"
"P-KPAYZLD4","Nike Storm-FIT ADV ACG Chain of Craters","https://gdc-ms-se-poc-public.s3.amazonaws.com/AIDA5QKRHPNLYMZONKLG5_gdc-ms-se-poc_Demo28/images/panther_ecom/55.png","Nike","Clothing","https://gdc-ms-se-poc-public.s3.amazonaws.com/AIDA5QKRHPNLYMZONKLG5_gdc-ms-se-poc_Demo28/images/panther_ecom/55.png","https://gdc-ms-se-poc-public.s3.amazonaws.com/AIDA5QKRHPNLYMZONKLG5_gdc-ms-se-poc_Demo28/images/panther_ecom/55.png","3.5","****","Clothing"
"P-Q61CBJBH","OBSBOT Tiny PTZ 4K Webcam","https://gdc-ms-se-poc-public.s3.amazonaws.com/AIDA5QKRHPNLYMZONKLG5_gdc-ms-se-poc_Demo28/images/panther_ecom/54.jpg","OBSBOT","Computers & Accessories","https://gdc-ms-se-poc-public.s3.amazonaws.com/AIDA5QKRHPNLYMZONKLG5_gdc-ms-se-poc_Demo28/images/panther_ecom/54.jpg","https://gdc-ms-se-poc-public.s3.amazonaws.com/AIDA5QKRHPNLYMZONKLG5_gdc-ms-se-poc_Demo28/images/panther_ecom/54.jpg","2.6","***","Computers & Accessories"
"P-BB7EU34R","OWN THE RUN TEE","https://gdc-ms-se-poc-public.s3.amazonaws.com/AIDA5QKRHPNLYMZONKLG5_gdc-ms-se-poc_Demo28/images/panther_ecom/43.webp","Adidas","Clothing","https://gdc-ms-se-poc-public.s3.amazonaws.com/AIDA5QKRHPNLYMZONKLG5_gdc-ms-se-poc_Demo28/images/panther_ecom/43.webp","https://gdc-ms-se-poc-public.s3.amazonaws.com/AIDA5QKRHPNLYMZONKLG5_gdc-ms-se-poc_Demo28/images/panther_ecom/43.webp","4.6","*****","Clothing"
"P-ZGQE0EX9","Outdoor Tech Buckshot Pro Bluetooth Speaker","https://gdc-ms-se-poc-public.s3.amazonaws.com/AIDA5QKRHPNLYMZONKLG5_gdc-ms-se-poc_Demo28/images/panther_ecom/81.jpeg","Outdoor Tech","Audio & Video Accessories","https://gdc-ms-se-poc-public.s3.amazonaws.com/AIDA5QKRHPNLYMZONKLG5_gdc-ms-se-poc_Demo28/images/panther_ecom/81.jpeg","https://gdc-ms-se-poc-public.s3.amazonaws.com/AIDA5QKRHPNLYMZONKLG5_gdc-ms-se-poc_Demo28/images/panther_ecom/81.jpeg","3.3","***","Audio & Video Accessories"
"P-FNTXVRTO","POÃ„NG","https://gdc-ms-se-poc-public.s3.amazonaws.com/AIDA5QKRHPNLYMZONKLG5_gdc-ms-se-poc_Demo28/images/panther_ecom/38.png","IKEA","Furniture","https://gdc-ms-se-poc-public.s3.amazonaws.com/AIDA5QKRHPNLYMZONKLG5_gdc-ms-se-poc_Demo28/images/panther_ecom/38.png","https://gdc-ms-se-poc-public.s3.amazonaws.com/AIDA5QKRHPNLYMZONKLG5_gdc-ms-se-poc_Demo28/images/panther_ecom/38.png","3.3","***","Furniture"
"P-4CTM9S8S","Panamax - 11-Outlet Surge Protector - Black","https://gdc-ms-se-poc-public.s3.amazonaws.com/AIDA5QKRHPNLYMZONKLG5_gdc-ms-se-poc_Demo28/images/panther_ecom/90.jpeg","Panamax","Audio & Video Accessories","https://gdc-ms-se-poc-public.s3.amazonaws.com/AIDA5QKRHPNLYMZONKLG5_gdc-ms-se-poc_Demo28/images/panther_ecom/90.jpeg","https://gdc-ms-se-poc-public.s3.amazonaws.com/AIDA5QKRHPNLYMZONKLG5_gdc-ms-se-poc_Demo28/images/panther_ecom/90.jpeg","3.2","***","Audio & Video Accessories"
"P-OM82D4RX","Parquet 71 inch Reclaimed Wood Console Table","https://gdc-ms-se-poc-public.s3.amazonaws.com/AIDA5QKRHPNLYMZONKLG5_gdc-ms-se-poc_Demo28/images/panther_ecom/65.jpeg","Pottery Barn","Furniture","https://gdc-ms-se-poc-public.s3.amazonaws.com/AIDA5QKRHPNLYMZONKLG5_gdc-ms-se-poc_Demo28/images/panther_ecom/65.jpeg","https://gdc-ms-se-poc-public.s3.amazonaws.com/AIDA5QKRHPNLYMZONKLG5_gdc-ms-se-poc_Demo28/images/panther_ecom/65.jpeg","1.1","*","Furniture"
"P-77A4OOFC","Peerless - Round Ceiling Plate for Most Peerless-AV Projector Mounts - Black","https://gdc-ms-se-poc-public.s3.amazonaws.com/AIDA5QKRHPNLYMZONKLG5_gdc-ms-se-poc_Demo28/images/panther_ecom/72.jpeg","Peerless","Audio & Video Accessories","https://gdc-ms-se-poc-public.s3.amazonaws.com/AIDA5QKRHPNLYMZONKLG5_gdc-ms-se-poc_Demo28/images/panther_ecom/72.jpeg","https://gdc-ms-se-poc-public.s3.amazonaws.com/AIDA5QKRHPNLYMZONKLG5_gdc-ms-se-poc_Demo28/images/panther_ecom/72.jpeg","4.3","****","Audio & Video Accessories"
"P-MC92KDOP","Polk Audio - 50 W Woofer - Black","https://gdc-ms-se-poc-public.s3.amazonaws.com/AIDA5QKRHPNLYMZONKLG5_gdc-ms-se-poc_Demo28/images/panther_ecom/33.jpg","Polk Audio","Audio & Video Accessories","https://gdc-ms-se-poc-public.s3.amazonaws.com/AIDA5QKRHPNLYMZONKLG5_gdc-ms-se-poc_Demo28/images/panther_ecom/33.jpg","https://gdc-ms-se-poc-public.s3.amazonaws.com/AIDA5QKRHPNLYMZONKLG5_gdc-ms-se-poc_Demo28/images/panther_ecom/33.jpg","2.8","***","Audio & Video Accessories"
"P-SIC3YOWO","Polk Audio T15 100 Watt Home Theater Bookshelf Speakers","https://gdc-ms-se-poc-public.s3.amazonaws.com/AIDA5QKRHPNLYMZONKLG5_gdc-ms-se-poc_Demo28/images/panther_ecom/93.jpg","Polk Audio","Audio & Video Accessories","https://gdc-ms-se-poc-public.s3.amazonaws.com/AIDA5QKRHPNLYMZONKLG5_gdc-ms-se-poc_Demo28/images/panther_ecom/93.jpg","https://gdc-ms-se-poc-public.s3.amazonaws.com/AIDA5QKRHPNLYMZONKLG5_gdc-ms-se-poc_Demo28/images/panther_ecom/93.jpg","4.0","****","Audio & Video Accessories"
"P-64YLUWJT","Regan 35.8 inch Solid Wood Console Table","https://gdc-ms-se-poc-public.s3.amazonaws.com/AIDA5QKRHPNLYMZONKLG5_gdc-ms-se-poc_Demo28/images/panther_ecom/62.jpeg","Wayfair","Furniture","https://gdc-ms-se-poc-public.s3.amazonaws.com/AIDA5QKRHPNLYMZONKLG5_gdc-ms-se-poc_Demo28/images/panther_ecom/62.jpeg","https://gdc-ms-se-poc-public.s3.amazonaws.com/AIDA5QKRHPNLYMZONKLG5_gdc-ms-se-poc_Demo28/images/panther_ecom/62.jpeg","4.8","*****","Furniture"
"P-URIUFMSU","Rustic Reclaimed Wood Bench","https://gdc-ms-se-poc-public.s3.amazonaws.com/AIDA5QKRHPNLYMZONKLG5_gdc-ms-se-poc_Demo28/images/panther_ecom/35.jpeg","Pottery Barn","Furniture","https://gdc-ms-se-poc-public.s3.amazonaws.com/AIDA5QKRHPNLYMZONKLG5_gdc-ms-se-poc_Demo28/images/panther_ecom/35.jpeg","https://gdc-ms-se-poc-public.s3.amazonaws.com/AIDA5QKRHPNLYMZONKLG5_gdc-ms-se-poc_Demo28/images/panther_ecom/35.jpeg","4.3","****","Furniture"
"P-FUVYRAZC","ST640P Universal Tilt Wall Mount for 32 to 50 Displays","https://gdc-ms-se-poc-public.s3.amazonaws.com/AIDA5QKRHPNLYMZONKLG5_gdc-ms-se-poc_Demo28/images/panther_ecom/36.jpeg","Peerless-AV","Audio & Video Accessories","https://gdc-ms-se-poc-public.s3.amazonaws.com/AIDA5QKRHPNLYMZONKLG5_gdc-ms-se-poc_Demo28/images/panther_ecom/36.jpeg","https://gdc-ms-se-poc-public.s3.amazonaws.com/AIDA5QKRHPNLYMZONKLG5_gdc-ms-se-poc_Demo28/images/panther_ecom/36.jpeg","2.8","***","Audio & Video Accessories"
"P-0ZZYT3W4","Samsung Gear Iconx 2018 Edition Cordfree Fitness Earbuds Black","https://gdc-ms-se-poc-public.s3.amazonaws.com/AIDA5QKRHPNLYMZONKLG5_gdc-ms-se-poc_Demo28/images/panther_ecom/12.jpg","Samsung","Audio & Video Accessories","https://gdc-ms-se-poc-public.s3.amazonaws.com/AIDA5QKRHPNLYMZONKLG5_gdc-ms-se-poc_Demo28/images/panther_ecom/12.jpg","https://gdc-ms-se-poc-public.s3.amazonaws.com/AIDA5QKRHPNLYMZONKLG5_gdc-ms-se-poc_Demo28/images/panther_ecom/12.jpg","2.7","***","Audio & Video Accessories"
"P-FSO5WD5T","Samsung Universal 3100mAh Portable External Battery Charger - White","https://gdc-ms-se-poc-public.s3.amazonaws.com/AIDA5QKRHPNLYMZONKLG5_gdc-ms-se-poc_Demo28/images/panther_ecom/17.jpeg","Samsung","Computers & Accessories","https://gdc-ms-se-poc-public.s3.amazonaws.com/AIDA5QKRHPNLYMZONKLG5_gdc-ms-se-poc_Demo28/images/panther_ecom/17.jpeg","https://gdc-ms-se-poc-public.s3.amazonaws.com/AIDA5QKRHPNLYMZONKLG5_gdc-ms-se-poc_Demo28/images/panther_ecom/17.jpeg","3.9","****","Computers & Accessories"
"P-K0PCR4CC","SanDisk 128GB Ultra microSDXC UHS-I Memory Card with Adapter","https://gdc-ms-se-poc-public.s3.amazonaws.com/AIDA5QKRHPNLYMZONKLG5_gdc-ms-se-poc_Demo28/images/panther_ecom/78.jpg","SanDisk","Computers & Accessories","https://gdc-ms-se-poc-public.s3.amazonaws.com/AIDA5QKRHPNLYMZONKLG5_gdc-ms-se-poc_Demo28/images/panther_ecom/78.jpg","https://gdc-ms-se-poc-public.s3.amazonaws.com/AIDA5QKRHPNLYMZONKLG5_gdc-ms-se-poc_Demo28/images/panther_ecom/78.jpg","1.1","*","Computers & Accessories"
"P-YDRPAZD1","Sanford 22 x 67 Ladder Shelf""","https://gdc-ms-se-poc-public.s3.amazonaws.com/AIDA5QKRHPNLYMZONKLG5_gdc-ms-se-poc_Demo28/images/panther_ecom/5.jpeg","Pottery Barn","Furniture","https://gdc-ms-se-poc-public.s3.amazonaws.com/AIDA5QKRHPNLYMZONKLG5_gdc-ms-se-poc_Demo28/images/panther_ecom/5.jpeg","https://gdc-ms-se-poc-public.s3.amazonaws.com/AIDA5QKRHPNLYMZONKLG5_gdc-ms-se-poc_Demo28/images/panther_ecom/5.jpeg","4.6","*****","Furniture"
"P-QUFTVSLH","Sanus VLF410B1 10-Inch Super Slim Full-Motion Mount for 37 - 84 Inches TV","https://gdc-ms-se-poc-public.s3.amazonaws.com/AIDA5QKRHPNLYMZONKLG5_gdc-ms-se-poc_Demo28/images/panther_ecom/51.jpg","Sanus","Audio & Video Accessories","https://gdc-ms-se-poc-public.s3.amazonaws.com/AIDA5QKRHPNLYMZONKLG5_gdc-ms-se-poc_Demo28/images/panther_ecom/51.jpg","https://gdc-ms-se-poc-public.s3.amazonaws.com/AIDA5QKRHPNLYMZONKLG5_gdc-ms-se-poc_Demo28/images/panther_ecom/51.jpg","2.1","**","Audio & Video Accessories"
"P-0DDRFK8E","Shakira Task Chair","https://gdc-ms-se-poc-public.s3.amazonaws.com/AIDA5QKRHPNLYMZONKLG5_gdc-ms-se-poc_Demo28/images/panther_ecom/89.webp","AllModern","Furniture","https://gdc-ms-se-poc-public.s3.amazonaws.com/AIDA5QKRHPNLYMZONKLG5_gdc-ms-se-poc_Demo28/images/panther_ecom/89.webp","https://gdc-ms-se-poc-public.s3.amazonaws.com/AIDA5QKRHPNLYMZONKLG5_gdc-ms-se-poc_Demo28/images/panther_ecom/89.webp","1.1","*","Furniture"
"P-KQHDH5TV","Soho Desk","https://gdc-ms-se-poc-public.s3.amazonaws.com/AIDA5QKRHPNLYMZONKLG5_gdc-ms-se-poc_Demo28/images/panther_ecom/74.webp","AllModern","Furniture","https://gdc-ms-se-poc-public.s3.amazonaws.com/AIDA5QKRHPNLYMZONKLG5_gdc-ms-se-poc_Demo28/images/panther_ecom/74.webp","https://gdc-ms-se-poc-public.s3.amazonaws.com/AIDA5QKRHPNLYMZONKLG5_gdc-ms-se-poc_Demo28/images/panther_ecom/74.webp","2.3","**","Furniture"
"P-KISHUEPI","SpeakerCraft - 6-1/2 In-Ceiling Speakers (5-Pack) - White","https://gdc-ms-se-poc-public.s3.amazonaws.com/AIDA5QKRHPNLYMZONKLG5_gdc-ms-se-poc_Demo28/images/panther_ecom/84.jpeg","SpeakerCraft","Audio & Video Accessories","https://gdc-ms-se-poc-public.s3.amazonaws.com/AIDA5QKRHPNLYMZONKLG5_gdc-ms-se-poc_Demo28/images/panther_ecom/84.jpeg","https://gdc-ms-se-poc-public.s3.amazonaws.com/AIDA5QKRHPNLYMZONKLG5_gdc-ms-se-poc_Demo28/images/panther_ecom/84.jpeg","3.9","****","Audio & Video Accessories"
"P-CRBIVFTK","The Oversized Stroopwafel Turtleneck in ReCashmere","https://gdc-ms-se-poc-public.s3.amazonaws.com/AIDA5QKRHPNLYMZONKLG5_gdc-ms-se-poc_Demo28/images/panther_ecom/82.png","Everlabe","Clothing","https://gdc-ms-se-poc-public.s3.amazonaws.com/AIDA5QKRHPNLYMZONKLG5_gdc-ms-se-poc_Demo28/images/panther_ecom/82.png","https://gdc-ms-se-poc-public.s3.amazonaws.com/AIDA5QKRHPNLYMZONKLG5_gdc-ms-se-poc_Demo28/images/panther_ecom/82.png","1.5","**","Clothing"
"P-TXJKCDC5","Ultimate Ears MEGABLAST Portable Wi-Fi/Bluetooth Speaker - Graphite Black","https://gdc-ms-se-poc-public.s3.amazonaws.com/AIDA5QKRHPNLYMZONKLG5_gdc-ms-se-poc_Demo28/images/panther_ecom/24.jpeg","Ultimate Ears","Audio & Video Accessories","https://gdc-ms-se-poc-public.s3.amazonaws.com/AIDA5QKRHPNLYMZONKLG5_gdc-ms-se-poc_Demo28/images/panther_ecom/24.jpeg","https://gdc-ms-se-poc-public.s3.amazonaws.com/AIDA5QKRHPNLYMZONKLG5_gdc-ms-se-poc_Demo28/images/panther_ecom/24.jpeg","1.6","**","Audio & Video Accessories"
"P-47KA7KOD","Universal Remote Control - 48-Device Universal Remote - Black","https://gdc-ms-se-poc-public.s3.amazonaws.com/AIDA5QKRHPNLYMZONKLG5_gdc-ms-se-poc_Demo28/images/panther_ecom/6.jpeg","Universal Remote Control","Audio & Video Accessories","https://gdc-ms-se-poc-public.s3.amazonaws.com/AIDA5QKRHPNLYMZONKLG5_gdc-ms-se-poc_Demo28/images/panther_ecom/6.jpeg","https://gdc-ms-se-poc-public.s3.amazonaws.com/AIDA5QKRHPNLYMZONKLG5_gdc-ms-se-poc_Demo28/images/panther_ecom/6.jpeg","3.2","***","Audio & Video Accessories"
"P-4T8TMC57","Valencia Acacia Wood Stool","https://gdc-ms-se-poc-public.s3.amazonaws.com/AIDA5QKRHPNLYMZONKLG5_gdc-ms-se-poc_Demo28/images/panther_ecom/41.jpeg","T.J.Maxx","Furniture","https://gdc-ms-se-poc-public.s3.amazonaws.com/AIDA5QKRHPNLYMZONKLG5_gdc-ms-se-poc_Demo28/images/panther_ecom/41.jpeg","https://gdc-ms-se-poc-public.s3.amazonaws.com/AIDA5QKRHPNLYMZONKLG5_gdc-ms-se-poc_Demo28/images/panther_ecom/41.jpeg","3.4","***","Furniture"
"P-WN2X1CF5","Virtually Invisible 891 In-Wall Speakers (Pair)","https://gdc-ms-se-poc-public.s3.amazonaws.com/AIDA5QKRHPNLYMZONKLG5_gdc-ms-se-poc_Demo28/images/panther_ecom/60.jpg","Bose","Audio & Video Accessories","https://gdc-ms-se-poc-public.s3.amazonaws.com/AIDA5QKRHPNLYMZONKLG5_gdc-ms-se-poc_Demo28/images/panther_ecom/60.jpg","https://gdc-ms-se-poc-public.s3.amazonaws.com/AIDA5QKRHPNLYMZONKLG5_gdc-ms-se-poc_Demo28/images/panther_ecom/60.jpg","4.8","*****","Audio & Video Accessories"
"P-5NNSHX4V","WINNERS TANK TOP","https://gdc-ms-se-poc-public.s3.amazonaws.com/AIDA5QKRHPNLYMZONKLG5_gdc-ms-se-poc_Demo28/images/panther_ecom/28.jpeg","Adidas","Clothing","https://gdc-ms-se-poc-public.s3.amazonaws.com/AIDA5QKRHPNLYMZONKLG5_gdc-ms-se-poc_Demo28/images/panther_ecom/28.jpeg","https://gdc-ms-se-poc-public.s3.amazonaws.com/AIDA5QKRHPNLYMZONKLG5_gdc-ms-se-poc_Demo28/images/panther_ecom/28.jpeg","1.4","*","Clothing"
"P-03CK6HUD","Wicked Plush Robe","https://gdc-ms-se-poc-public.s3.amazonaws.com/AIDA5QKRHPNLYMZONKLG5_gdc-ms-se-poc_Demo28/images/panther_ecom/64.jpeg","L.L. Bean","Clothing","https://gdc-ms-se-poc-public.s3.amazonaws.com/AIDA5QKRHPNLYMZONKLG5_gdc-ms-se-poc_Demo28/images/panther_ecom/64.jpeg","https://gdc-ms-se-poc-public.s3.amazonaws.com/AIDA5QKRHPNLYMZONKLG5_gdc-ms-se-poc_Demo28/images/panther_ecom/64.jpeg","1.9","**","Clothing"
"P-FNZ1A25H","Williams 3 Drawer Chest","https://gdc-ms-se-poc-public.s3.amazonaws.com/AIDA5QKRHPNLYMZONKLG5_gdc-ms-se-poc_Demo28/images/panther_ecom/44.webp","AllModern","Furniture","https://gdc-ms-se-poc-public.s3.amazonaws.com/AIDA5QKRHPNLYMZONKLG5_gdc-ms-se-poc_Demo28/images/panther_ecom/44.webp","https://gdc-ms-se-poc-public.s3.amazonaws.com/AIDA5QKRHPNLYMZONKLG5_gdc-ms-se-poc_Demo28/images/panther_ecom/44.webp","2.2","**","Furniture"
"P-ZQLDXO7M","Williams Tufted Upholstered Low Profile Platform Bed","https://gdc-ms-se-poc-public.s3.amazonaws.com/AIDA5QKRHPNLYMZONKLG5_gdc-ms-se-poc_Demo28/images/panther_ecom/59.webp","AllModern","Furniture","https://gdc-ms-se-poc-public.s3.amazonaws.com/AIDA5QKRHPNLYMZONKLG5_gdc-ms-se-poc_Demo28/images/panther_ecom/59.webp","https://gdc-ms-se-poc-public.s3.amazonaws.com/AIDA5QKRHPNLYMZONKLG5_gdc-ms-se-poc_Demo28/images/panther_ecom/59.webp","2.6","***","Furniture"
"P-ZS0EW3TF","Women's Ava Alpine Insulated Jacket","https://gdc-ms-se-poc-public.s3.amazonaws.com/AIDA5QKRHPNLYMZONKLG5_gdc-ms-se-poc_Demo28/images/panther_ecom/16.webp","Columbia","Clothing","https://gdc-ms-se-poc-public.s3.amazonaws.com/AIDA5QKRHPNLYMZONKLG5_gdc-ms-se-poc_Demo28/images/panther_ecom/16.webp","https://gdc-ms-se-poc-public.s3.amazonaws.com/AIDA5QKRHPNLYMZONKLG5_gdc-ms-se-poc_Demo28/images/panther_ecom/16.webp","1.5","**","Clothing"
"P-L70T91AX","Women's Full-Zip HoodieNike Yoga","https://gdc-ms-se-poc-public.s3.amazonaws.com/AIDA5QKRHPNLYMZONKLG5_gdc-ms-se-poc_Demo28/images/panther_ecom/25.webp","Nike","Clothing","https://gdc-ms-se-poc-public.s3.amazonaws.com/AIDA5QKRHPNLYMZONKLG5_gdc-ms-se-poc_Demo28/images/panther_ecom/25.webp","https://gdc-ms-se-poc-public.s3.amazonaws.com/AIDA5QKRHPNLYMZONKLG5_gdc-ms-se-poc_Demo28/images/panther_ecom/25.webp","3.7","****","Clothing"
"P-HT2MT4I0","Women's L.L.Bean Cozy Pullover","https://gdc-ms-se-poc-public.s3.amazonaws.com/AIDA5QKRHPNLYMZONKLG5_gdc-ms-se-poc_Demo28/images/panther_ecom/4.jpeg","L.L. Bean","Clothing","https://gdc-ms-se-poc-public.s3.amazonaws.com/AIDA5QKRHPNLYMZONKLG5_gdc-ms-se-poc_Demo28/images/panther_ecom/4.jpeg","https://gdc-ms-se-poc-public.s3.amazonaws.com/AIDA5QKRHPNLYMZONKLG5_gdc-ms-se-poc_Demo28/images/panther_ecom/4.jpeg","1.5","**","Clothing"
"P-C2R4BL17","Women's L.L.Bean Sweater Fleece Pullover","https://gdc-ms-se-poc-public.s3.amazonaws.com/AIDA5QKRHPNLYMZONKLG5_gdc-ms-se-poc_Demo28/images/panther_ecom/34.jpeg","L.L. Bean","Clothing","https://gdc-ms-se-poc-public.s3.amazonaws.com/AIDA5QKRHPNLYMZONKLG5_gdc-ms-se-poc_Demo28/images/panther_ecom/34.jpeg","https://gdc-ms-se-poc-public.s3.amazonaws.com/AIDA5QKRHPNLYMZONKLG5_gdc-ms-se-poc_Demo28/images/panther_ecom/34.jpeg","3.6","****","Clothing"
"P-EAQPL26T","Women's L.L.Bean Utility Parka","https://gdc-ms-se-poc-public.s3.amazonaws.com/AIDA5QKRHPNLYMZONKLG5_gdc-ms-se-poc_Demo28/images/panther_ecom/79.jpeg","L.L. Bean","Clothing","https://gdc-ms-se-poc-public.s3.amazonaws.com/AIDA5QKRHPNLYMZONKLG5_gdc-ms-se-poc_Demo28/images/panther_ecom/79.jpeg","https://gdc-ms-se-poc-public.s3.amazonaws.com/AIDA5QKRHPNLYMZONKLG5_gdc-ms-se-poc_Demo28/images/panther_ecom/79.jpeg","2.2","**","Clothing"
"P-VETX6GL5","Women's Mountain City Long Jacket","https://gdc-ms-se-poc-public.s3.amazonaws.com/AIDA5QKRHPNLYMZONKLG5_gdc-ms-se-poc_Demo28/images/panther_ecom/76.jpeg","Columbia","Clothing","https://gdc-ms-se-poc-public.s3.amazonaws.com/AIDA5QKRHPNLYMZONKLG5_gdc-ms-se-poc_Demo28/images/panther_ecom/76.jpeg","https://gdc-ms-se-poc-public.s3.amazonaws.com/AIDA5QKRHPNLYMZONKLG5_gdc-ms-se-poc_Demo28/images/panther_ecom/76.jpeg","2.5","**","Clothing"
"P-4ARKUBKJ","Women's Mountain Croo Long Down Jacket","https://gdc-ms-se-poc-public.s3.amazonaws.com/AIDA5QKRHPNLYMZONKLG5_gdc-ms-se-poc_Demo28/images/panther_ecom/1.webp","Columbia","Clothing","https://gdc-ms-se-poc-public.s3.amazonaws.com/AIDA5QKRHPNLYMZONKLG5_gdc-ms-se-poc_Demo28/images/panther_ecom/1.webp","https://gdc-ms-se-poc-public.s3.amazonaws.com/AIDA5QKRHPNLYMZONKLG5_gdc-ms-se-poc_Demo28/images/panther_ecom/1.webp","4.5","****","Clothing"
"P-HC6MXSUJ","Women's Off Country Mock Neck","https://gdc-ms-se-poc-public.s3.amazonaws.com/AIDA5QKRHPNLYMZONKLG5_gdc-ms-se-poc_Demo28/images/panther_ecom/67.jpeg","Patagonia","Clothing","https://gdc-ms-se-poc-public.s3.amazonaws.com/AIDA5QKRHPNLYMZONKLG5_gdc-ms-se-poc_Demo28/images/panther_ecom/67.jpeg","https://gdc-ms-se-poc-public.s3.amazonaws.com/AIDA5QKRHPNLYMZONKLG5_gdc-ms-se-poc_Demo28/images/panther_ecom/67.jpeg","4.8","*****","Clothing"
"P-PSRMOS9J","Women's West Bend Full Zip Fleece Jacket","https://gdc-ms-se-poc-public.s3.amazonaws.com/AIDA5QKRHPNLYMZONKLG5_gdc-ms-se-poc_Demo28/images/panther_ecom/46.webp","Columbia","Clothing","https://gdc-ms-se-poc-public.s3.amazonaws.com/AIDA5QKRHPNLYMZONKLG5_gdc-ms-se-poc_Demo28/images/panther_ecom/46.webp","https://gdc-ms-se-poc-public.s3.amazonaws.com/AIDA5QKRHPNLYMZONKLG5_gdc-ms-se-poc_Demo28/images/panther_ecom/46.webp","4.8","*****","Clothing"
